stage,fold,model_name,model_version,training_cutoff_match_time,match_id,market_id,label_market_bucket,token_id,side,received_at_utc,received_at_ns,game_time_sec,league_id,settled_win,market_prob,calibrated_prob,book_best_ask,book_best_bid,book_spread,book_ask_size,edge,entry_threshold,paper_entry_price,pnl_per_share,pnl_slip_1c,pnl_slip_2c,side_nw,side_mom_100,side_score,structure_score,reason
walk_forward,1,market_nw_logistic,market_anchor_v1,2026-05-30T17:20:46.978+00:00,8831927547,2394733,MAP_WINNER,73399839580912218378591774206488912368784281538796408187880296103078741849035,YES,2026-05-30T17:51:47.217+00:00,1780163500813617847,906.0,19101,False,0.4,0.4544312204817221,0.4,0.39,0.010000000000000009,1906.0,0.054431220481722054,0.05,0.4,-0.4,-0.41000000000000003,-0.42000000000000004,1685.0,-0.0,2.0,0.0,market_anchor_edge
walk_forward,1,market_nw_logistic,market_anchor_v1,2026-05-30T17:20:46.978+00:00,8832889451,2397040,MAP_WINNER,33229960324716277893740450236892923297252292653424257252005499954737105666530,NO,2026-05-31T12:11:17.268+00:00,1780229477268676899,2631.0,19699,True,0.9,0.958040193437991,0.9,0.88,0.020000000000000018,71.26,0.05804019343799094,0.05,0.9,0.09999999999999998,0.08999999999999997,0.07999999999999996,22920.0,-0.0,13.0,3.0,market_anchor_edge
walk_forward,1,market_score_logistic,market_anchor_v1,2026-05-30T17:20:46.978+00:00,8831927547,2394733,MAP_WINNER,73399839580912218378591774206488912368784281538796408187880296103078741849035,YES,2026-05-30T17:47:41.017+00:00,1780163261017282882,696.0,19101,False,0.5,0.5261286871624793,0.5,0.49,0.010000000000000009,40.0,0.02612868716247929,0.02,0.5,-0.5,-0.51,-0.52,1233.0,-523.0,4.0,-0.0,market_anchor_edge
walk_forward,1,market_score_logistic,market_anchor_v1,2026-05-30T17:20:46.978+00:00,8832812084,2397039,MAP_WINNER,71058472416398922107320179562083294293700078028627260526821046831029580947031,YES,2026-05-31T10:34:14.533+00:00,1780223650790579963,838.0,19699,False,0.17,0.19188055147294272,0.17,0.16,0.010000000000000009,28.23,0.02188055147294271,0.02,0.17,-0.17,-0.18000000000000002,-0.19,-4176.0,-2393.0,-0.0,0.0,market_anchor_edge
walk_forward,1,market_score_logistic,market_anchor_v1,2026-05-30T17:20:46.978+00:00,8833327581,2397078,MATCH_WINNER_GAME3_PROXY,5200208202788358977024120864716360533041240709693704380236601684681552181297,NO,2026-05-31T16:41:49.880+00:00,1780245707275839287,1096.0,19699,False,0.07,0.09219627683447847,0.07,0.06,0.010000000000000009,88.0,0.02219627683447846,0.02,0.07,-0.07,-0.08,-0.09000000000000001,-6135.0,-1337.0,0.0,0.0,market_anchor_edge
walk_forward,1,market_score_logistic,market_anchor_v1,2026-05-30T17:20:46.978+00:00,8833492242,2403734,MAP_WINNER,114748806522711322642193195763963446077941944027455536777969652840894397312076,YES,2026-05-31T18:34:29.153+00:00,1780252465377618150,954.0,19699,False,0.24,0.2634667506619483,0.24,0.23,0.009999999999999981,26.75,0.02346675066194831,0.02,0.24,-0.24,-0.25,-0.26,-1404.0,-856.0,0.0,0.0,market_anchor_edge
walk_forward,1,market_structure_logistic,market_anchor_v1,2026-05-30T17:20:46.978+00:00,8832812084,2397039,MAP_WINNER,71058472416398922107320179562083294293700078028627260526821046831029580947031,YES,2026-05-31T10:31:03.292+00:00,1780223459265508801,607.0,19699,False,0.43,0.450373303682877,0.43,0.42,0.010000000000000009,30.52,0.020373303682876986,0.02,0.43,-0.43,-0.44,-0.45,-777.0,-1397.0,-0.0,0.0,market_anchor_edge
walk_forward,1,market_structure_logistic,market_anchor_v1,2026-05-30T17:20:46.978+00:00,8832889451,2397040,MAP_WINNER,33229960324716277893740450236892923297252292653424257252005499954737105666530,NO,2026-05-31T12:06:23.175+00:00,1780229183175461381,2330.0,19699,True,0.88,0.9466132582412177,0.88,0.76,0.12,54.38,0.06661325824121767,0.02,0.88,0.12,0.10999999999999999,0.09999999999999998,17115.0,-3551.0,10.0,3.0,market_anchor_edge
walk_forward,2,market_nw_logistic,market_anchor_v1,2026-05-31T18:17:58.840+00:00,8833592202,2402172,MATCH_WINNER_GAME3_PROXY,98746949176922541120421769123425630499782836764605355371450399035028157453760,NO,2026-05-31T20:02:23.230+00:00,1780257739542264019,1645.0,19699,False,0.11,0.16951790715161433,0.11,0.1,0.009999999999999995,168.0,0.05951790715161433,0.05,0.11,-0.11,-0.12,-0.13,-1749.0,19.0,-5.0,0.0,market_anchor_edge
walk_forward,2,market_nw_logistic,market_anchor_v1,2026-05-31T18:17:58.840+00:00,8834190489,0x45dd6e6ee0f2a90ff77ec1f3b2050393b9b18dfaa9afffa1867cce87a51bad6f,MAP_WINNER,90852271027558820565623177699387951731775764190495449774012380453202250668619,NO,2026-06-01T11:02:17.065+00:00,1780311730921569565,1969.0,19699,True,0.91,0.968813546315325,0.91,0.84,0.07000000000000006,110.0,0.05881354631532498,0.05,0.91,0.08999999999999997,0.07999999999999996,0.06999999999999995,27784.0,,25.0,0.0,market_anchor_edge
walk_forward,2,market_nw_logistic,market_anchor_v1,2026-05-31T18:17:58.840+00:00,8834230023,0x212000bffae05b954a6b51f449cf966cc280051a41323ae2a37a01cf1cd477b2,MAP_WINNER,73568959922747558805079044463449051623199298803530124387342134654406072201915,NO,2026-06-01T11:26:50.630+00:00,1780313205923987523,1487.0,19699,True,0.57,0.6420751730792312,0.57,0.55,0.019999999999999907,77.0,0.07207517307923128,0.05,0.57,0.43000000000000005,0.42000000000000004,0.41000000000000003,5656.0,-1196.0,9.0,0.0,market_anchor_edge
walk_forward,2,market_nw_logistic,market_anchor_v1,2026-05-31T18:17:58.840+00:00,8834230023,2408470,MATCH_WINNER_GAME3_PROXY,9176751882301236225673094124537622527985496208470188479749452449693522539092,NO,2026-06-01T11:28:25.003+00:00,1780313304030128541,1616.0,19699,True,0.78,0.8384089244990015,0.78,0.68,0.09999999999999998,140.0,0.05840892449900148,0.05,0.78,0.21999999999999997,0.20999999999999996,0.19999999999999996,11619.0,5963.0,10.0,0.0,market_anchor_edge
walk_forward,2,market_momentum_logistic,market_anchor_v1,2026-05-31T18:17:58.840+00:00,8833570075,2403735,MAP_WINNER,20719658468646505747960187366144888625541951491756965930069965060686382109921,YES,2026-05-31T19:35:20.980+00:00,1780256117939544918,1167.0,19699,False,0.16,0.18256520897259731,0.16,0.15,0.010000000000000009,543.5,0.02256520897259731,0.02,0.16,-0.16,-0.17,-0.18,-1696.0,3.0,1.0,0.0,market_anchor_edge
walk_forward,2,market_momentum_logistic,market_anchor_v1,2026-05-31T18:17:58.840+00:00,8833592202,2402172,MATCH_WINNER_GAME3_PROXY,98746949176922541120421769123425630499782836764605355371450399035028157453760,NO,2026-05-31T20:02:23.230+00:00,1780257739542264019,1645.0,19699,False,0.11,0.18554835493090144,0.11,0.1,0.009999999999999995,168.0,0.07554835493090144,0.02,0.11,-0.11,-0.12,-0.13,-1749.0,19.0,-5.0,0.0,market_anchor_edge
walk_forward,2,market_momentum_logistic,market_anchor_v1,2026-05-31T18:17:58.840+00:00,8834230023,0x212000bffae05b954a6b51f449cf966cc280051a41323ae2a37a01cf1cd477b2,MAP_WINNER,73568959922747558805079044463449051623199298803530124387342134654406072201915,NO,2026-06-01T11:20:15.584+00:00,1780312815584112729,1127.0,19699,True,0.68,0.7393833510439997,0.68,0.63,0.050000000000000044,153.85,0.05938335104399961,0.02,0.68,0.31999999999999995,0.30999999999999994,0.29999999999999993,4014.0,4197.0,9.0,-1.0,market_anchor_edge
walk_forward,2,market_momentum_logistic,market_anchor_v1,2026-05-31T18:17:58.840+00:00,8834230023,2408470,MATCH_WINNER_GAME3_PROXY,9176751882301236225673094124537622527985496208470188479749452449693522539092,NO,2026-06-01T11:28:25.003+00:00,1780313304030128541,1616.0,19699,True,0.78,0.8567135934454155,0.78,0.68,0.09999999999999998,140.0,0.0767135934454155,0.02,0.78,0.21999999999999997,0.20999999999999996,0.19999999999999996,11619.0,5963.0,10.0,0.0,market_anchor_edge
walk_forward,2,market_momentum_logistic,market_anchor_v1,2026-05-31T18:17:58.840+00:00,8834244800,2402192,MATCH_WINNER_GAME3_PROXY,82406454957514414328807848866614919031814419473870703115492634362571178841613,YES,2026-06-01T11:36:40.516+00:00,1780313799064182385,1249.0,19699,False,0.05,0.07172775993969599,0.05,0.001,0.049,542.03,0.021727759939695987,0.02,0.05,-0.05,-0.060000000000000005,-0.07,-8976.0,146.0,-2.0,0.0,market_anchor_edge
walk_forward,2,market_score_logistic,market_anchor_v1,2026-05-31T18:17:58.840+00:00,8834190489,0x45dd6e6ee0f2a90ff77ec1f3b2050393b9b18dfaa9afffa1867cce87a51bad6f,MAP_WINNER,90852271027558820565623177699387951731775764190495449774012380453202250668619,NO,2026-06-01T11:02:17.065+00:00,1780311730921569565,1969.0,19699,True,0.91,0.9442248705718036,0.91,0.84,0.07000000000000006,110.0,0.03422487057180357,0.02,0.91,0.08999999999999997,0.07999999999999996,0.06999999999999995,27784.0,,25.0,0.0,market_anchor_edge
walk_forward,2,market_score_logistic,market_anchor_v1,2026-05-31T18:17:58.840+00:00,8834230023,0x212000bffae05b954a6b51f449cf966cc280051a41323ae2a37a01cf1cd477b2,MAP_WINNER,73568959922747558805079044463449051623199298803530124387342134654406072201915,NO,2026-06-01T11:20:15.584+00:00,1780312815584112729,1127.0,19699,True,0.68,0.7062731851405342,0.68,0.63,0.050000000000000044,153.85,0.026273185140534117,0.02,0.68,0.31999999999999995,0.30999999999999994,0.29999999999999993,4014.0,4197.0,9.0,-1.0,market_anchor_edge
walk_forward,2,market_score_logistic,market_anchor_v1,2026-05-31T18:17:58.840+00:00,8834230023,2408470,MATCH_WINNER_GAME3_PROXY,9176751882301236225673094124537622527985496208470188479749452449693522539092,NO,2026-06-01T11:27:20.862+00:00,1780313239827991480,1487.0,19699,True,0.73,0.7517380425646876,0.73,0.63,0.09999999999999998,140.0,0.021738042564687587,0.02,0.73,0.27,0.26,0.25,5656.0,-1196.0,9.0,0.0,market_anchor_edge
walk_forward,2,market_structure_logistic,market_anchor_v1,2026-05-31T18:17:58.840+00:00,8833592202,2402172,MATCH_WINNER_GAME3_PROXY,98746949176922541120421769123425630499782836764605355371450399035028157453760,NO,2026-05-31T20:20:33.951+00:00,1780258833951410061,2666.0,19699,False,0.15,0.4453152048603047,0.15,0.06,0.09,150.0,0.2953152048603047,0.02,0.15,-0.15,-0.16,-0.16999999999999998,11809.0,198.0,1.0,6.0,market_anchor_edge
walk_forward,2,market_structure_logistic,market_anchor_v1,2026-05-31T18:17:58.840+00:00,8834230023,2408470,MATCH_WINNER_GAME3_PROXY,81296766769947421544680632256552079007975059632277084577533151576209603864045,YES,2026-06-01T11:29:31.503+00:00,1780313370658554336,1616.0,19699,False,0.12,0.14101182575756316,0.12,0.1,0.01999999999999999,26.02,0.021011825757563163,0.02,0.12,-0.12,-0.13,-0.13999999999999999,-11619.0,-5963.0,-11.0,0.0,market_anchor_edge
walk_forward,2,market_gettoplive_logistic,market_anchor_v1,2026-05-31T18:17:58.840+00:00,8833592202,2402172,MATCH_WINNER_GAME3_PROXY,98746949176922541120421769123425630499782836764605355371450399035028157453760,NO,2026-05-31T20:02:23.230+00:00,1780257739542264019,1645.0,19699,False,0.11,0.17744037635752738,0.11,0.1,0.009999999999999995,168.0,0.06744037635752738,0.05,0.11,-0.11,-0.12,-0.13,-1749.0,19.0,-5.0,0.0,market_anchor_edge
walk_forward,2,market_gettoplive_logistic,market_anchor_v1,2026-05-31T18:17:58.840+00:00,8834230023,0x212000bffae05b954a6b51f449cf966cc280051a41323ae2a37a01cf1cd477b2,MAP_WINNER,73568959922747558805079044463449051623199298803530124387342134654406072201915,NO,2026-06-01T11:20:15.584+00:00,1780312815584112729,1127.0,19699,True,0.68,0.7499029885032428,0.68,0.63,0.050000000000000044,153.85,0.06990298850324272,0.05,0.68,0.31999999999999995,0.30999999999999994,0.29999999999999993,4014.0,4197.0,9.0,-1.0,market_anchor_edge
walk_forward,2,market_gettoplive_logistic,market_anchor_v1,2026-05-31T18:17:58.840+00:00,8834230023,2408470,MATCH_WINNER_GAME3_PROXY,9176751882301236225673094124537622527985496208470188479749452449693522539092,NO,2026-06-01T11:28:25.003+00:00,1780313304030128541,1616.0,19699,True,0.78,0.8759436189350971,0.78,0.68,0.09999999999999998,140.0,0.09594361893509706,0.05,0.78,0.21999999999999997,0.20999999999999996,0.19999999999999996,11619.0,5963.0,10.0,0.0,market_anchor_edge
walk_forward,3,market_nw_logistic,market_anchor_v1,2026-06-01T15:55:39.100+00:00,8834932746,2408568,MATCH_WINNER_GAME3_PROXY,24412862650133155423877330165183387250914564584142034660417945554029594403595,YES,2026-06-01T21:03:20.742+00:00,1780347795565270710,1950.0,19699,True,0.24,0.3365418128277531,0.24,0.23,0.009999999999999981,705.99,0.09654181282775309,0.05,0.24,0.76,0.75,0.74,3524.0,-0.0,4.0,0.0,market_anchor_edge
walk_forward,3,market_nw_logistic,market_anchor_v1,2026-06-01T15:55:39.100+00:00,8835490699,2405848,MAP_WINNER,89990399081422979912251762838637752211521554435941372191632067508129490799928,YES,2026-06-02T11:49:23.919+00:00,1780400958992698906,1473.0,19699,False,0.68,0.748144704509184,0.68,0.66,0.020000000000000018,153.43,0.06814470450918397,0.05,0.68,-0.68,-0.6900000000000001,-0.7000000000000001,6365.0,641.0,4.0,0.0,market_anchor_edge
walk_forward,3,market_nw_logistic,market_anchor_v1,2026-06-01T15:55:39.100+00:00,8835609186,2413332,MAP_WINNER,53683990638887175240431274294325116060674956243066203595271632148948778897749,YES,2026-06-02T13:35:52.232+00:00,1780407352232287339,1381.0,19699,False,0.46,0.5114341658129974,0.46,0.41,0.050000000000000044,250.0,0.05143416581299737,0.05,0.46,-0.46,-0.47000000000000003,-0.48000000000000004,3183.0,1586.0,4.0,-1.0,market_anchor_edge
walk_forward,3,market_momentum_logistic,market_anchor_v1,2026-06-01T15:55:39.100+00:00,8834932746,2408568,MATCH_WINNER_GAME3_PROXY,23068775678827315313484373139384940409456343639350283741689036054207504947592,NO,2026-06-01T20:54:01.128+00:00,1780347241128981274,1501.0,19699,False,0.7,0.7213502417822792,0.7,0.69,0.010000000000000009,50.0,0.02135024178227929,0.02,0.7,-0.7,-0.71,-0.72,-120.0,2052.0,-1.0,-1.0,market_anchor_edge
walk_forward,3,market_momentum_logistic,market_anchor_v1,2026-06-01T15:55:39.100+00:00,8835373075,2409870,MAP_WINNER,108063080275390428123478669716787907171251678188426947843890419618267946800176,NO,2026-06-02T09:29:21.306+00:00,1780392560260051252,843.0,19699,False,0.1,0.12337594845381748,0.1,0.09,0.010000000000000009,210.0,0.023375948453817477,0.02,0.1,-0.1,-0.11,-0.12000000000000001,-5247.0,455.0,-0.0,0.0,market_anchor_edge
walk_forward,3,market_momentum_logistic,market_anchor_v1,2026-06-01T15:55:39.100+00:00,8835428935,2405847,MAP_WINNER,74760158713699542329591015103466724390259569469527587635375401873919413450964,NO,2026-06-02T10:34:03.394+00:00,1780396443394723026,967.0,19699,False,0.16,0.1890593870531999,0.16,0.15,0.010000000000000009,60.0,0.02905938705319991,0.02,0.16,-0.16,-0.17,-0.18,-4274.0,-0.0,-3.0,-2.0,market_anchor_edge
walk_forward,3,market_momentum_logistic,market_anchor_v1,2026-06-01T15:55:39.100+00:00,8835490699,2405848,MAP_WINNER,49093431826274846652260160497778237948072874538613510252258464442929610952337,NO,2026-06-02T11:41:09.929+00:00,1780400466948133193,983.0,19699,True,0.06,0.08792553042126222,0.06,0.05,0.009999999999999995,25.97,0.027925530421262224,0.02,0.06,0.94,0.93,0.92,-6112.0,,0.0,0.0,market_anchor_edge
walk_forward,3,market_momentum_logistic,market_anchor_v1,2026-06-01T15:55:39.100+00:00,8835609186,2413332,MAP_WINNER,28496707626064407832408019204735596947727086508398565961288096733057772750345,NO,2026-06-02T13:25:29.731+00:00,1780406729731146888,761.0,19699,True,0.39,0.4290662996145737,0.39,0.38,0.010000000000000009,165.35,0.039066299614573696,0.02,0.39,0.61,0.6,0.59,-1604.0,1817.0,-3.0,0.0,market_anchor_edge
walk_forward,3,market_score_logistic,market_anchor_v1,2026-06-01T15:55:39.100+00:00,8835373075,2409870,MAP_WINNER,108063080275390428123478669716787907171251678188426947843890419618267946800176,NO,2026-06-02T09:32:29.105+00:00,1780392747994008393,1024.0,19699,False,0.34,0.3641261163782623,0.34,0.33,0.010000000000000009,157.16,0.024126116378262286,0.02,0.34,-0.34,-0.35000000000000003,-0.36000000000000004,-3407.0,2303.0,-0.0,0.0,market_anchor_edge
walk_forward,3,market_score_logistic,market_anchor_v1,2026-06-01T15:55:39.100+00:00,8835428935,2405847,MAP_WINNER,74760158713699542329591015103466724390259569469527587635375401873919413450964,NO,2026-06-02T10:32:19.986+00:00,1780396337992936013,860.0,19699,False,0.16,0.18481629492671084,0.16,0.15,0.010000000000000009,50.0,0.024816294926710836,0.02,0.16,-0.16,-0.17,-0.18,-4274.0,-653.0,-0.0,0.0,market_anchor_edge
walk_forward,3,market_score_logistic,market_anchor_v1,2026-06-01T15:55:39.100+00:00,8835490699,2405848,MAP_WINNER,49093431826274846652260160497778237948072874538613510252258464442929610952337,NO,2026-06-02T11:44:21.466+00:00,1780400657669239085,1173.0,19699,True,0.33,0.36403739719546935,0.33,0.32,0.010000000000000009,35.0,0.03403739719546933,0.02,0.33,0.6699999999999999,0.6599999999999999,0.6499999999999999,-4207.0,2461.0,1.0,0.0,market_anchor_edge
walk_forward,3,market_score_logistic,market_anchor_v1,2026-06-01T15:55:39.100+00:00,8835609186,2413332,MAP_WINNER,28496707626064407832408019204735596947727086508398565961288096733057772750345,NO,2026-06-02T13:29:12.201+00:00,1780406947546864747,941.0,19699,True,0.42,0.44500683884536013,0.42,0.41,0.010000000000000009,75.96,0.025006838845360146,0.02,0.42,0.5800000000000001,0.5700000000000001,0.56,-1616.0,1007.0,0.0,0.0,market_anchor_edge
walk_forward,3,market_gettoplive_logistic,market_anchor_v1,2026-06-01T15:55:39.100+00:00,8834932746,2408568,MATCH_WINNER_GAME3_PROXY,24412862650133155423877330165183387250914564584142034660417945554029594403595,YES,2026-06-01T20:43:39.749+00:00,1780346613144665082,841.0,19699,True,0.44,0.5050499658884892,0.44,0.42,0.020000000000000018,58.0,0.06504996588848916,0.05,0.44,0.56,0.55,0.54,2246.0,893.0,-0.0,0.0,market_anchor_edge
walk_forward,3,market_gettoplive_logistic,market_anchor_v1,2026-06-01T15:55:39.100+00:00,8835373075,2409870,MAP_WINNER,108063080275390428123478669716787907171251678188426947843890419618267946800176,NO,2026-06-02T09:35:25.467+00:00,1780392925467144320,1240.0,19699,False,0.47,0.5548302402567032,0.47,0.46,0.009999999999999953,135.0,0.08483024025670327,0.05,0.47,-0.47,-0.48,-0.49,325.0,3360.0,-2.0,-1.0,market_anchor_edge
walk_forward,3,market_gettoplive_logistic,market_anchor_v1,2026-06-01T15:55:39.100+00:00,8835490699,2405848,MAP_WINNER,89990399081422979912251762838637752211521554435941372191632067508129490799928,YES,2026-06-02T11:49:23.919+00:00,1780400958992698906,1473.0,19699,False,0.68,0.7405491149228756,0.68,0.66,0.020000000000000018,153.43,0.06054911492287551,0.05,0.68,-0.68,-0.6900000000000001,-0.7000000000000001,6365.0,641.0,4.0,0.0,market_anchor_edge
walk_forward,3,market_gettoplive_logistic,market_anchor_v1,2026-06-01T15:55:39.100+00:00,8835609186,2413332,MAP_WINNER,53683990638887175240431274294325116060674956243066203595271632148948778897749,YES,2026-06-02T13:35:57.755+00:00,1780407352232287339,1381.0,19699,False,0.46,0.5363001613970036,0.46,0.41,0.050000000000000044,250.0,0.07630016139700363,0.05,0.46,-0.46,-0.47000000000000003,-0.48000000000000004,3183.0,1586.0,2.0,0.0,market_anchor_edge
walk_forward,4,market_nw_logistic,market_anchor_v1,2026-06-02T13:14:29.781+00:00,8835703860,2418847,MAP_WINNER,35900902559024922471917386811313956595281501007053991408074292289455753462480,YES,2026-06-02T15:20:15.646+00:00,1780413606775099139,2390.0,19699,True,0.35,0.5692344396675248,0.35,0.34,0.009999999999999953,672.96,0.21923443966752487,0.12,0.35,0.65,0.64,0.63,9028.0,3570.0,8.0,0.0,market_anchor_edge
walk_forward,4,market_nw_logistic,market_anchor_v1,2026-06-02T13:14:29.781+00:00,8836220468,2421065,MAP_WINNER,11890221863359007113038788370829670221302070279843627648012024624103840790289,NO,2026-06-02T22:09:50.093+00:00,1780438190093442891,2446.0,19699,False,0.66,0.8277981091531248,0.66,0.63,0.030000000000000027,41.5,0.16779810915312476,0.12,0.66,-0.66,-0.67,-0.68,11873.0,7495.0,-0.0,6.0,market_anchor_edge
walk_forward,4,market_momentum_logistic,market_anchor_v1,2026-06-02T13:14:29.781+00:00,8835703860,2418846,MAP_WINNER,17618457267561785478214440533396725706183485502961914724264468635855695507234,YES,2026-06-02T14:32:52.954+00:00,1780410772954473311,622.0,19699,True,0.23,0.28241445029547135,0.23,0.21,0.020000000000000018,258.95,0.05241445029547134,0.05,0.23,0.77,0.76,0.75,958.0,1438.0,-1.0,0.0,market_anchor_edge
walk_forward,4,market_momentum_logistic,market_anchor_v1,2026-06-02T13:14:29.781+00:00,8835728100,2413333,MAP_WINNER,85418671865745118410438673307340651618363167913484130901293830356810591582646,NO,2026-06-02T14:46:39.436+00:00,1780411599436837294,982.0,19699,True,0.81,0.8677287394351674,0.81,0.77,0.040000000000000036,87.57,0.05772873943516732,0.05,0.81,0.18999999999999995,0.17999999999999994,0.16999999999999993,7426.0,2339.0,6.0,2.0,market_anchor_edge
walk_forward,4,market_momentum_logistic,market_anchor_v1,2026-06-02T13:14:29.781+00:00,8835818773,2418847,MAP_WINNER,35900902559024922471917386811313956595281501007053991408074292289455753462480,YES,2026-06-02T15:47:48.728+00:00,1780415268728973133,849.0,19699,False,0.63,0.6915255639562251,0.63,0.62,0.010000000000000009,193.0,0.061525563956225104,0.05,0.63,-0.63,-0.64,-0.65,1754.0,1029.0,3.0,1.0,market_anchor_edge
walk_forward,4,market_momentum_logistic,market_anchor_v1,2026-06-02T13:14:29.781+00:00,8836220468,2421065,MAP_WINNER,11890221863359007113038788370829670221302070279843627648012024624103840790289,NO,2026-06-02T21:54:52.825+00:00,1780437284375915807,1645.0,19699,False,0.42,0.5600843409181009,0.42,0.41,0.010000000000000009,78.5,0.1400843409181009,0.05,0.42,-0.42,-0.43,-0.44,2182.0,-0.0,-4.0,0.0,market_anchor_edge
walk_forward,4,market_momentum_logistic,market_anchor_v1,2026-06-02T13:14:29.781+00:00,8836292316,2421066,MAP_WINNER,78084897834980448140212743130718651332114490509096714449398081855509776036614,YES,2026-06-02T23:33:20.416+00:00,1780443195913749099,1802.0,19699,True,0.65,0.7243036716195609,0.65,0.63,0.020000000000000018,49.4,0.07430367161956086,0.05,0.65,0.35,0.33999999999999997,0.32999999999999996,-605.0,1649.0,-1.0,0.0,market_anchor_edge
walk_forward,4,market_score_logistic,market_anchor_v1,2026-06-02T13:14:29.781+00:00,8835703860,2418846,MAP_WINNER,70006078921193478742262650627144016931327855979694960342597714896749438692484,NO,2026-06-02T14:45:09.544+00:00,1780411505554952597,1353.0,19699,False,0.71,0.7394234106760694,0.71,0.7,0.010000000000000009,110.0,0.02942341067606946,0.02,0.71,-0.71,-0.72,-0.73,712.0,1832.0,1.0,0.0,market_anchor_edge
walk_forward,4,market_score_logistic,market_anchor_v1,2026-06-02T13:14:29.781+00:00,8835728100,2413333,MAP_WINNER,85418671865745118410438673307340651618363167913484130901293830356810591582646,NO,2026-06-02T14:48:02.082+00:00,1780411677635610371,1042.0,19699,True,0.81,0.8320087791166252,0.81,0.8,0.010000000000000009,43.99,0.022008779116625132,0.02,0.81,0.18999999999999995,0.17999999999999994,0.16999999999999993,7321.0,2140.0,-1.0,0.0,market_anchor_edge
walk_forward,4,market_score_logistic,market_anchor_v1,2026-06-02T13:14:29.781+00:00,8835818773,2418847,MAP_WINNER,4472085227296879302134073105072251273927768370790178851378502225560994521807,NO,2026-06-02T15:54:07.937+00:00,1780415643918821551,1210.0,19699,True,0.61,0.6319317647202353,0.61,0.59,0.020000000000000018,53.87,0.02193176472023528,0.02,0.61,0.39,0.38,0.37,-295.0,1100.0,2.0,0.0,market_anchor_edge
walk_forward,4,market_score_logistic,market_anchor_v1,2026-06-02T13:14:29.781+00:00,8836220468,2421065,MAP_WINNER,86817252619307129186621538397898790689967898227951338413191746071399269232891,YES,2026-06-02T21:52:04.543+00:00,1780437121437282381,1465.0,19699,True,0.55,0.5700122165717628,0.55,0.53,0.020000000000000018,76.8,0.020012216571762775,0.02,0.55,0.44999999999999996,0.43999999999999995,0.42999999999999994,-2182.0,-7030.0,2.0,0.0,market_anchor_edge
walk_forward,4,market_score_logistic,market_anchor_v1,2026-06-02T13:14:29.781+00:00,8836292316,2421066,MAP_WINNER,78084897834980448140212743130718651332114490509096714449398081855509776036614,YES,2026-06-02T23:18:44.923+00:00,1780442319122760742,923.0,19699,True,0.65,0.6719755824488413,0.65,0.64,0.010000000000000009,192.4,0.021975582448841235,0.02,0.65,0.35,0.33999999999999997,0.32999999999999996,681.0,-603.0,1.0,0.0,market_anchor_edge
walk_forward,4,market_structure_logistic,market_anchor_v1,2026-06-02T13:14:29.781+00:00,8835703860,2418846,MAP_WINNER,17618457267561785478214440533396725706183485502961914724264468635855695507234,YES,2026-06-02T15:00:58.169+00:00,1780412458169611851,2170.0,19699,True,0.85,0.9061698216957158,0.85,0.79,0.05999999999999994,210.8,0.05616982169571583,0.02,0.85,0.15000000000000002,0.14,0.13,4829.0,-49.0,4.0,3.0,market_anchor_edge
walk_forward,4,market_structure_logistic,market_anchor_v1,2026-06-02T13:14:29.781+00:00,8835728100,2413333,MAP_WINNER,85418671865745118410438673307340651618363167913484130901293830356810591582646,NO,2026-06-02T14:48:02.082+00:00,1780411677635610371,1042.0,19699,True,0.81,0.8308205851197084,0.81,0.8,0.010000000000000009,43.99,0.0208205851197083,0.02,0.81,0.18999999999999995,0.17999999999999994,0.16999999999999993,7321.0,2140.0,-1.0,0.0,market_anchor_edge
walk_forward,4,market_structure_logistic,market_anchor_v1,2026-06-02T13:14:29.781+00:00,8836220468,2421065,MAP_WINNER,11890221863359007113038788370829670221302070279843627648012024624103840790289,NO,2026-06-02T22:09:50.093+00:00,1780438190093442891,2446.0,19699,False,0.66,0.8725373854476279,0.66,0.63,0.030000000000000027,41.5,0.2125373854476279,0.02,0.66,-0.66,-0.67,-0.68,11873.0,7495.0,-0.0,6.0,market_anchor_edge
walk_forward,4,market_structure_logistic,market_anchor_v1,2026-06-02T13:14:29.781+00:00,8836292316,2421066,MAP_WINNER,78084897834980448140212743130718651332114490509096714449398081855509776036614,YES,2026-06-02T23:40:37.500+00:00,1780443637500592120,2252.0,19699,True,0.91,0.9746576489112679,0.91,0.88,0.030000000000000027,85.26,0.0646576489112679,0.02,0.91,0.08999999999999997,0.07999999999999996,0.06999999999999995,13815.0,2910.0,0.0,6.0,market_anchor_edge
walk_forward,4,market_gettoplive_logistic,market_anchor_v1,2026-06-02T13:14:29.781+00:00,8835703860,2418846,MAP_WINNER,17618457267561785478214440533396725706183485502961914724264468635855695507234,YES,2026-06-02T15:03:05.718+00:00,1780412585718496944,2272.0,19699,True,0.67,0.7912420483445455,0.67,0.61,0.06000000000000005,230.51,0.12124204834454544,0.12,0.67,0.32999999999999996,0.31999999999999995,0.30999999999999994,5458.0,629.0,5.0,6.0,market_anchor_edge
walk_forward,4,market_gettoplive_logistic,market_anchor_v1,2026-06-02T13:14:29.781+00:00,8835818773,2418847,MAP_WINNER,4472085227296879302134073105072251273927768370790178851378502225560994521807,NO,2026-06-02T16:02:27.745+00:00,1780416147745873525,1614.0,19699,True,0.76,0.8929084718620819,0.76,0.75,0.010000000000000009,66.2,0.13290847186208188,0.12,0.76,0.24,0.22999999999999998,0.21999999999999997,9681.0,7773.0,5.0,0.0,market_anchor_edge
walk_forward,4,market_gettoplive_logistic,market_anchor_v1,2026-06-02T13:14:29.781+00:00,8836220468,2421065,MAP_WINNER,11890221863359007113038788370829670221302070279843627648012024624103840790289,NO,2026-06-02T22:09:50.093+00:00,1780438190093442891,2446.0,19699,False,0.66,0.9279890573711345,0.66,0.63,0.030000000000000027,41.5,0.26798905737113443,0.12,0.66,-0.66,-0.67,-0.68,11873.0,7495.0,-0.0,6.0,market_anchor_edge
walk_forward,4,market_gettoplive_logistic,market_anchor_v1,2026-06-02T13:14:29.781+00:00,8836292316,2421066,MAP_WINNER,78084897834980448140212743130718651332114490509096714449398081855509776036614,YES,2026-06-02T23:34:30.078+00:00,1780443270078968297,1889.0,19699,True,0.59,0.7406107206927499,0.59,0.58,0.010000000000000009,66.95,0.15061072069274994,0.12,0.59,0.41000000000000003,0.4,0.39,3497.0,6469.0,-2.0,-1.0,market_anchor_edge
walk_forward,5,market_only_logistic,market_anchor_v1,2026-06-03T01:22:10.007+00:00,8836442480,2419439,MAP_WINNER,48326227480956869384350407041192668258630698655650978631916296536241480043675,YES,2026-06-03T04:41:58.390+00:00,1780461716539208553,1579.0,19699,True,0.84,0.8626032353998637,0.84,0.82,0.020000000000000018,30.65,0.022603235399863753,0.02,0.84,0.16000000000000003,0.15000000000000002,0.14,10491.0,1768.0,0.0,0.0,market_anchor_edge
walk_forward,5,market_only_logistic,market_anchor_v1,2026-06-03T01:22:10.007+00:00,8836485094,2419460,MAP_WINNER,80048452747608617598392465859863687475901791770905487125251785314564899687158,YES,2026-06-03T05:35:25.817+00:00,1780464924042828513,731.0,19699,True,0.89,0.9121379571315689,0.89,0.88,0.010000000000000009,52.2,0.022137957131568853,0.02,0.89,0.10999999999999999,0.09999999999999998,0.08999999999999997,3186.0,489.0,0.0,0.0,market_anchor_edge
walk_forward,5,market_only_logistic,market_anchor_v1,2026-06-03T01:22:10.007+00:00,8836485118,2419440,MAP_WINNER,62304125318477199914549131398343688021420829041097982551754847824884242825792,YES,2026-06-03T05:57:04.936+00:00,1780466222965251893,1726.0,19699,True,0.79,0.8168652519815118,0.79,0.78,0.010000000000000009,45.0,0.026865251981511795,0.02,0.79,0.20999999999999996,0.19999999999999996,0.18999999999999995,6957.0,8458.0,-3.0,0.0,market_anchor_edge
walk_forward,5,market_only_logistic,market_anchor_v1,2026-06-03T01:22:10.007+00:00,8836583316,2424223,MAP_WINNER,75942025699076501001430353688800825353753601977317622253346960681041379846129,YES,2026-06-03T08:37:53.190+00:00,1780475869093018580,1431.0,19699,False,0.85,0.8710853848899704,0.85,0.84,0.010000000000000009,170.0,0.02108538488997047,0.02,0.85,-0.85,-0.86,-0.87,12256.0,3257.0,1.0,0.0,market_anchor_edge
walk_forward,5,market_only_logistic,market_anchor_v1,2026-06-03T01:22:10.007+00:00,8836624153,2420883,MAP_WINNER,34221622036852211184388457187561492811060577679947672039904293510905437872772,NO,2026-06-03T09:47:09.425+00:00,1780480026336961307,1700.0,19699,True,0.9,0.9200476813070941,0.9,0.89,0.010000000000000009,150.0,0.020047681307094112,0.02,0.9,0.09999999999999998,0.08999999999999997,0.07999999999999996,16056.0,3248.0,5.0,0.0,market_anchor_edge
walk_forward,5,market_only_logistic,market_anchor_v1,2026-06-03T01:22:10.007+00:00,8836692392,2420884,MAP_WINNER,34672525841417990125059210306302220317113308019015543481245926621867083936846,YES,2026-06-03T10:49:23.072+00:00,1780483763072710694,1059.0,19699,True,0.7,0.7215279175754035,0.7,0.69,0.010000000000000009,30.0,0.02152791757540351,0.02,0.7,0.30000000000000004,0.29000000000000004,0.28,1391.0,477.0,0.0,-1.0,market_anchor_edge
walk_forward,5,market_only_logistic,market_anchor_v1,2026-06-03T01:22:10.007+00:00,8836692392,2420882,MATCH_WINNER_GAME3_PROXY,91159373767570541536328664217068215835423177040492899295688568849820026330871,NO,2026-06-03T11:06:01.321+00:00,1780484757297338767,1919.0,19699,False,0.4,0.46159324165372856,0.4,0.35,0.050000000000000044,68.0,0.06159324165372854,0.02,0.4,-0.4,-0.41000000000000003,-0.42000000000000004,-15514.0,-288.0,-0.0,0.0,market_anchor_edge
walk_forward,5,market_nw_logistic,market_anchor_v1,2026-06-03T01:22:10.007+00:00,8836358188,2423460,MAP_WINNER,79869468698441566849357944662701640667014270050389970608484680496124970040885,NO,2026-06-03T01:41:48.166+00:00,1780450908166688843,644.0,19699,True,0.78,0.8010357190661601,0.78,0.76,0.020000000000000018,894.61,0.021035719066160086,0.02,0.78,0.21999999999999997,0.20999999999999996,0.19999999999999996,4803.0,2188.0,2.0,1.0,market_anchor_edge
walk_forward,5,market_nw_logistic,market_anchor_v1,2026-06-03T01:22:10.007+00:00,8836442480,2419439,MAP_WINNER,48326227480956869384350407041192668258630698655650978631916296536241480043675,YES,2026-06-03T04:27:12.544+00:00,1780460832544826099,737.0,19699,True,0.54,0.5691305146573814,0.54,0.53,0.010000000000000009,26.0,0.029130514657381368,0.02,0.54,0.45999999999999996,0.44999999999999996,0.43999999999999995,1913.0,1342.0,0.0,0.0,market_anchor_edge
walk_forward,5,market_nw_logistic,market_anchor_v1,2026-06-03T01:22:10.007+00:00,8836445371,2419459,MAP_WINNER,100402533101536036238796012748592895546988346994227012298536111043890442009729,NO,2026-06-03T04:42:44.185+00:00,1780461761893405153,1589.0,19699,True,0.8,0.8411499343899659,0.8,0.72,0.08000000000000007,375.0,0.041149934389965837,0.02,0.8,0.19999999999999996,0.18999999999999995,0.17999999999999994,8780.0,2320.0,-2.0,0.0,market_anchor_edge
walk_forward,5,market_nw_logistic,market_anchor_v1,2026-06-03T01:22:10.007+00:00,8836485094,2419460,MAP_WINNER,12957669311835732989949978372522692441466513576879032268450687124520384058523,NO,2026-06-03T05:43:58.133+00:00,1780465438133555735,1277.0,19699,False,0.27,0.2912326895857956,0.27,0.25,0.020000000000000018,205.96,0.021232689585795606,0.02,0.27,-0.27,-0.28,-0.29000000000000004,1019.0,2386.0,4.0,-1.0,market_anchor_edge
walk_forward,5,market_nw_logistic,market_anchor_v1,2026-06-03T01:22:10.007+00:00,8836485118,2419440,MAP_WINNER,482719497414680894938517308241737778478663897845093504779200241758429770615,NO,2026-06-03T05:41:20.471+00:00,1780465280471565550,822.0,19699,False,0.48,0.5235447286090699,0.48,0.47,0.010000000000000009,40.0,0.04354472860906988,0.02,0.48,-0.48,-0.49,-0.5,2315.0,2177.0,2.0,1.0,market_anchor_edge
walk_forward,5,market_nw_logistic,market_anchor_v1,2026-06-03T01:22:10.007+00:00,8836583316,2424223,MAP_WINNER,75942025699076501001430353688800825353753601977317622253346960681041379846129,YES,2026-06-03T08:26:31.088+00:00,1780475191088415312,783.0,19699,False,0.59,0.629761885335526,0.59,0.56,0.029999999999999916,78.0,0.03976188533552605,0.02,0.59,-0.59,-0.6,-0.61,3797.0,1825.0,5.0,1.0,market_anchor_edge
walk_forward,5,market_nw_logistic,market_anchor_v1,2026-06-03T01:22:10.007+00:00,8836624153,2420883,MAP_WINNER,34221622036852211184388457187561492811060577679947672039904293510905437872772,NO,2026-06-03T09:30:23.474+00:00,1780479020887599809,856.0,19699,True,0.55,0.5773113512691165,0.55,0.54,0.010000000000000009,54.8,0.027311351269116435,0.02,0.55,0.44999999999999996,0.43999999999999995,0.42999999999999994,2008.0,748.0,-0.0,0.0,market_anchor_edge
walk_forward,5,market_nw_logistic,market_anchor_v1,2026-06-03T01:22:10.007+00:00,8836692392,2420884,MAP_WINNER,34672525841417990125059210306302220317113308019015543481245926621867083936846,YES,2026-06-03T10:55:32.984+00:00,1780484132984682542,1401.0,19699,True,0.82,0.8423849441942888,0.82,0.8,0.019999999999999907,253.76,0.022384944194288825,0.02,0.82,0.18000000000000005,0.17000000000000004,0.16000000000000003,4864.0,2253.0,0.0,1.0,market_anchor_edge
walk_forward,5,market_nw_logistic,market_anchor_v1,2026-06-03T01:22:10.007+00:00,8836692392,2420882,MATCH_WINNER_GAME3_PROXY,96305714402681626329275002831100162623035732904802033625396635740637386079672,YES,2026-06-03T11:07:38.063+00:00,1780484853913066828,2024.0,19699,True,0.65,0.9158664215570163,0.65,0.57,0.08000000000000007,161.0,0.26586642155701623,0.02,0.65,0.35,0.33999999999999997,0.32999999999999996,18569.0,3055.0,0.0,0.0,market_anchor_edge
walk_forward,5,market_momentum_logistic,market_anchor_v1,2026-06-03T01:22:10.007+00:00,8836358188,2423460,MAP_WINNER,79869468698441566849357944662701640667014270050389970608484680496124970040885,NO,2026-06-03T01:41:48.166+00:00,1780450908166688843,644.0,19699,True,0.78,0.8231041724484431,0.78,0.76,0.020000000000000018,894.61,0.04310417244844311,0.02,0.78,0.21999999999999997,0.20999999999999996,0.19999999999999996,4803.0,2188.0,2.0,1.0,market_anchor_edge
walk_forward,5,market_momentum_logistic,market_anchor_v1,2026-06-03T01:22:10.007+00:00,8836442480,2419439,MAP_WINNER,48326227480956869384350407041192668258630698655650978631916296536241480043675,YES,2026-06-03T04:27:12.544+00:00,1780460832544826099,737.0,19699,True,0.54,0.601894732986775,0.54,0.53,0.010000000000000009,26.0,0.06189473298677495,0.02,0.54,0.45999999999999996,0.44999999999999996,0.43999999999999995,1913.0,1342.0,0.0,0.0,market_anchor_edge
walk_forward,5,market_momentum_logistic,market_anchor_v1,2026-06-03T01:22:10.007+00:00,8836445371,2419459,MAP_WINNER,100402533101536036238796012748592895546988346994227012298536111043890442009729,NO,2026-06-03T04:50:32.847+00:00,1780462230644935575,1966.0,19699,True,0.89,0.9102889361060009,0.89,0.72,0.17000000000000004,238.0,0.02028893610600091,0.02,0.89,0.10999999999999999,0.09999999999999998,0.08999999999999997,16221.0,4300.0,2.0,0.0,market_anchor_edge
walk_forward,5,market_momentum_logistic,market_anchor_v1,2026-06-03T01:22:10.007+00:00,8836485094,2419460,MAP_WINNER,12957669311835732989949978372522692441466513576879032268450687124520384058523,NO,2026-06-03T05:43:58.133+00:00,1780465438133555735,1277.0,19699,False,0.27,0.3418775337134703,0.27,0.25,0.020000000000000018,205.96,0.07187753371347028,0.02,0.27,-0.27,-0.28,-0.29000000000000004,1019.0,2386.0,4.0,-1.0,market_anchor_edge
walk_forward,5,market_momentum_logistic,market_anchor_v1,2026-06-03T01:22:10.007+00:00,8836485118,2419440,MAP_WINNER,482719497414680894938517308241737778478663897845093504779200241758429770615,NO,2026-06-03T05:41:20.471+00:00,1780465280471565550,822.0,19699,False,0.48,0.5658314274864419,0.48,0.47,0.010000000000000009,40.0,0.0858314274864419,0.02,0.48,-0.48,-0.49,-0.5,2315.0,2177.0,2.0,1.0,market_anchor_edge
walk_forward,5,market_momentum_logistic,market_anchor_v1,2026-06-03T01:22:10.007+00:00,8836583316,2424223,MAP_WINNER,75942025699076501001430353688800825353753601977317622253346960681041379846129,YES,2026-06-03T08:24:33.843+00:00,1780475073843228367,662.0,19699,False,0.43,0.4745689667826326,0.43,0.4,0.02999999999999997,50.0,0.04456896678263261,0.02,0.43,-0.43,-0.44,-0.45,1972.0,1423.0,4.0,-0.0,market_anchor_edge
walk_forward,5,market_momentum_logistic,market_anchor_v1,2026-06-03T01:22:10.007+00:00,8836624153,2420883,MAP_WINNER,34221622036852211184388457187561492811060577679947672039904293510905437872772,NO,2026-06-03T09:27:13.760+00:00,1780478833760959355,673.0,19699,True,0.49,0.5113491096854115,0.49,0.48,0.010000000000000009,136.96,0.021349109685411483,0.02,0.49,0.51,0.5,0.49,1260.0,814.0,5.0,-0.0,market_anchor_edge
walk_forward,5,market_momentum_logistic,market_anchor_v1,2026-06-03T01:22:10.007+00:00,8836692392,2420884,MAP_WINNER,22797433666108746834907200879055638156876884805544763838220182369233961483157,NO,2026-06-03T10:42:24.530+00:00,1780483344530835420,638.0,19699,False,0.61,0.6318264132786358,0.61,0.59,0.020000000000000018,50.0,0.02182641327863577,0.02,0.61,-0.61,-0.62,-0.63,1929.0,389.0,3.0,-0.0,market_anchor_edge
walk_forward,5,market_momentum_logistic,market_anchor_v1,2026-06-03T01:22:10.007+00:00,8836692392,2420882,MATCH_WINNER_GAME3_PROXY,96305714402681626329275002831100162623035732904802033625396635740637386079672,YES,2026-06-03T11:07:38.063+00:00,1780484853913066828,2024.0,19699,True,0.65,0.8368760544658723,0.65,0.57,0.08000000000000007,161.0,0.1868760544658723,0.02,0.65,0.35,0.33999999999999997,0.32999999999999996,18569.0,3055.0,0.0,0.0,market_anchor_edge
walk_forward,5,market_score_logistic,market_anchor_v1,2026-06-03T01:22:10.007+00:00,8836442480,2419439,MAP_WINNER,48326227480956869384350407041192668258630698655650978631916296536241480043675,YES,2026-06-03T04:30:47.962+00:00,1780461045994829603,939.0,19699,True,0.55,0.5720169531789461,0.55,0.53,0.020000000000000018,53.18,0.02201695317894603,0.02,0.55,0.44999999999999996,0.43999999999999995,0.42999999999999994,4626.0,2713.0,2.0,0.0,market_anchor_edge
walk_forward,5,market_score_logistic,market_anchor_v1,2026-06-03T01:22:10.007+00:00,8836485094,2419460,MAP_WINNER,80048452747608617598392465859863687475901791770905487125251785314564899687158,YES,2026-06-03T05:35:25.817+00:00,1780464924042828513,731.0,19699,True,0.89,0.9112656910413894,0.89,0.88,0.010000000000000009,52.2,0.021265691041389423,0.02,0.89,0.10999999999999999,0.09999999999999998,0.08999999999999997,3186.0,489.0,0.0,0.0,market_anchor_edge
walk_forward,5,market_score_logistic,market_anchor_v1,2026-06-03T01:22:10.007+00:00,8836485118,2419440,MAP_WINNER,482719497414680894938517308241737778478663897845093504779200241758429770615,NO,2026-06-03T05:43:53.749+00:00,1780465431811651457,943.0,19699,False,0.53,0.5533349943095411,0.53,0.52,0.010000000000000009,50.0,0.023334994309541113,0.02,0.53,-0.53,-0.54,-0.55,1634.0,-681.0,-0.0,0.0,market_anchor_edge
walk_forward,5,market_score_logistic,market_anchor_v1,2026-06-03T01:22:10.007+00:00,8836583316,2424223,MAP_WINNER,75942025699076501001430353688800825353753601977317622253346960681041379846129,YES,2026-06-03T08:29:34.659+00:00,1780475370290635450,941.0,19699,False,0.69,0.7190022572166223,0.69,0.68,0.009999999999999898,113.0,0.029002257216622307,0.02,0.69,-0.69,-0.7,-0.71,4621.0,824.0,-0.0,0.0,market_anchor_edge
walk_forward,5,market_score_logistic,market_anchor_v1,2026-06-03T01:22:10.007+00:00,8836624153,2420883,MAP_WINNER,34221622036852211184388457187561492811060577679947672039904293510905437872772,NO,2026-06-03T09:30:23.474+00:00,1780479020887599809,856.0,19699,True,0.55,0.5700926941191247,0.55,0.54,0.010000000000000009,54.8,0.02009269411912462,0.02,0.55,0.44999999999999996,0.43999999999999995,0.42999999999999994,2008.0,748.0,-0.0,0.0,market_anchor_edge
walk_forward,5,market_score_logistic,market_anchor_v1,2026-06-03T01:22:10.007+00:00,8836692392,2420884,MAP_WINNER,22797433666108746834907200879055638156876884805544763838220182369233961483157,NO,2026-06-03T10:45:30.243+00:00,1780483530243877996,826.0,19699,False,0.63,0.6555086975800883,0.63,0.62,0.010000000000000009,40.0,0.025508697580088335,0.02,0.63,-0.63,-0.64,-0.65,1144.0,-785.0,3.0,1.0,market_anchor_edge
walk_forward,5,market_score_logistic,market_anchor_v1,2026-06-03T01:22:10.007+00:00,8836692392,2420882,MATCH_WINNER_GAME3_PROXY,91159373767570541536328664217068215835423177040492899295688568849820026330871,NO,2026-06-03T11:06:01.321+00:00,1780484757297338767,1919.0,19699,False,0.4,0.48299417411234313,0.4,0.35,0.050000000000000044,68.0,0.08299417411234311,0.02,0.4,-0.4,-0.41000000000000003,-0.42000000000000004,-15514.0,-288.0,-0.0,0.0,market_anchor_edge
walk_forward,5,market_structure_logistic,market_anchor_v1,2026-06-03T01:22:10.007+00:00,8836692392,2420882,MATCH_WINNER_GAME3_PROXY,96305714402681626329275002831100162623035732904802033625396635740637386079672,YES,2026-06-03T11:10:39.117+00:00,1780485039117179997,2158.0,19699,True,0.61,0.8805391208749653,0.61,0.6,0.010000000000000009,68.0,0.27053912087496534,0.15,0.61,0.39,0.38,0.37,23865.0,5296.0,10.0,7.0,market_anchor_edge
walk_forward,5,market_gettoplive_logistic,market_anchor_v1,2026-06-03T01:22:10.007+00:00,8836485118,2419440,MAP_WINNER,62304125318477199914549131398343688021420829041097982551754847824884242825792,YES,2026-06-03T05:56:26.553+00:00,1780466186553671623,1726.0,19699,True,0.53,0.7506872706118839,0.53,0.52,0.010000000000000009,25.84,0.22068727061188387,0.15,0.53,0.47,0.45999999999999996,0.44999999999999996,6957.0,8458.0,0.0,0.0,market_anchor_edge
walk_forward,5,market_gettoplive_logistic,market_anchor_v1,2026-06-03T01:22:10.007+00:00,8836692392,2420882,MATCH_WINNER_GAME3_PROXY,96305714402681626329275002831100162623035732904802033625396635740637386079672,YES,2026-06-03T11:07:38.063+00:00,1780484853913066828,2024.0,19699,True,0.65,0.9273883481156002,0.65,0.57,0.08000000000000007,161.0,0.2773883481156002,0.15,0.65,0.35,0.33999999999999997,0.32999999999999996,18569.0,3055.0,0.0,0.0,market_anchor_edge
lockbox,0,market_nw_logistic,market_anchor_v1,2026-06-03T13:17:42.295+00:00,8836897842,2420912,MAP_WINNER,32235195938097935323178459208782039392835100846249197947112139554340603840633,YES,2026-06-03T14:11:33.133+00:00,1780495893133306702,2149.0,19699,True,0.61,0.7765017867906162,0.61,0.57,0.040000000000000036,48.16,0.16650178679061622,0.15,0.61,0.39,0.38,0.37,12329.0,-0.0,8.0,1.0,market_anchor_edge_lockbox
lockbox,0,market_nw_logistic,market_anchor_v1,2026-06-03T13:17:42.295+00:00,8837052943,2420911,MATCH_WINNER_GAME3_PROXY,77062266834471741867572148726620690396754895414397466242454826641314676167370,NO,2026-06-03T15:50:43.368+00:00,1780501843368085660,1589.0,19699,True,0.33,0.5057099915763964,0.33,0.32,0.010000000000000009,25.0,0.17570999157639638,0.15,0.33,0.6699999999999999,0.6599999999999999,0.6499999999999999,2165.0,2146.0,10.0,1.0,market_anchor_edge_lockbox
lockbox,0,market_nw_logistic,market_anchor_v1,2026-06-03T13:17:42.295+00:00,8837288943,2426303,MAP_WINNER,47160252683316828213903016406685913365776300850613902200017668743968605839996,YES,2026-06-03T19:33:30.943+00:00,1780515210943354827,3244.0,19699,False,0.39,0.5961126192419507,0.39,0.25,0.14,120.87,0.20611261924195068,0.15,0.39,-0.39,-0.4,-0.41000000000000003,13659.0,7664.0,-1.0,-3.0,market_anchor_edge_lockbox
lockbox,0,market_nw_logistic,market_anchor_v1,2026-06-03T13:17:42.295+00:00,8837288943,2426301,MATCH_WINNER_GAME3_PROXY,115742605798825810671140351705402892864718236624626649822385172810798206734026,YES,2026-06-03T18:59:08.944+00:00,1780513143866428634,1191.0,19699,False,0.2,0.354978256315133,0.2,0.19,0.010000000000000009,42.84,0.154978256315133,0.15,0.2,-0.2,-0.21000000000000002,-0.22,1012.0,4786.0,2.0,0.0,market_anchor_edge_lockbox
lockbox,0,market_nw_logistic,market_anchor_v1,2026-06-03T13:17:42.295+00:00,8839284303,2438989,MAP_WINNER,114146040488139733325487330340298852328977028861013952527563812106944956245845,YES,2026-06-05T12:38:07.373+00:00,1780663077865774267,1246.0,19101,True,0.27,0.47185152374369194,0.27,0.25,0.020000000000000018,106.24,0.20185152374369192,0.15,0.27,0.73,0.72,0.71,8584.0,3346.0,-1.0,0.0,market_anchor_edge_lockbox
lockbox,0,market_momentum_logistic,market_anchor_v1,2026-06-03T13:17:42.295+00:00,8836897842,2420912,MAP_WINNER,32235195938097935323178459208782039392835100846249197947112139554340603840633,YES,2026-06-03T13:58:39.157+00:00,1780495113852030248,1329.0,19699,True,0.63,0.7556849297775184,0.63,0.62,0.010000000000000009,1393.53,0.12568492977751844,0.1,0.63,0.37,0.36,0.35,7727.0,3372.0,-1.0,0.0,market_anchor_edge_lockbox
lockbox,0,market_momentum_logistic,market_anchor_v1,2026-06-03T13:17:42.295+00:00,8837052943,2420911,MATCH_WINNER_GAME3_PROXY,77062266834471741867572148726620690396754895414397466242454826641314676167370,NO,2026-06-03T15:49:49.060+00:00,1780501789060505824,1529.0,19699,True,0.39,0.5813522242676492,0.39,0.33,0.06,66.0,0.1913522242676492,0.1,0.39,0.61,0.6,0.59,1627.0,3747.0,10.0,0.0,market_anchor_edge_lockbox
lockbox,0,market_momentum_logistic,market_anchor_v1,2026-06-03T13:17:42.295+00:00,8837288943,2426303,MAP_WINNER,47160252683316828213903016406685913365776300850613902200017668743968605839996,YES,2026-06-03T19:33:30.943+00:00,1780515210943354827,3244.0,19699,False,0.39,0.5902275241585989,0.39,0.25,0.14,120.87,0.2002275241585989,0.1,0.39,-0.39,-0.4,-0.41000000000000003,13659.0,7664.0,-1.0,-3.0,market_anchor_edge_lockbox
lockbox,0,market_momentum_logistic,market_anchor_v1,2026-06-03T13:17:42.295+00:00,8837288943,2426301,MATCH_WINNER_GAME3_PROXY,115742605798825810671140351705402892864718236624626649822385172810798206734026,YES,2026-06-03T18:57:24.577+00:00,1780513038534027464,1093.0,19699,False,0.14,0.29145070299849285,0.14,0.1,0.04000000000000001,42.84,0.15145070299849284,0.1,0.14,-0.14,-0.15000000000000002,-0.16,-1791.0,3487.0,0.0,0.0,market_anchor_edge_lockbox
lockbox,0,market_momentum_logistic,market_anchor_v1,2026-06-03T13:17:42.295+00:00,8837692542,2430771,MATCH_WINNER_GAME3_PROXY,5631655732638403070134305235151782617674329898630171778054059777857154425400,NO,2026-06-04T04:37:17.260+00:00,1780547837260605194,1435.0,19699,True,0.83,0.9319343835123177,0.83,0.81,0.019999999999999907,79.99,0.10193438351231776,0.1,0.83,0.17000000000000004,0.16000000000000003,0.15000000000000002,18760.0,3388.0,15.0,2.0,market_anchor_edge_lockbox
lockbox,0,market_momentum_logistic,market_anchor_v1,2026-06-03T13:17:42.295+00:00,8837725916,2426502,MAP_WINNER,63251095022606080839428557614722050202426749939279688475192153102194566375239,NO,2026-06-04T05:42:28.549+00:00,1780551746794112527,1674.0,19699,True,0.41,0.6282354056232927,0.41,0.37,0.03999999999999998,487.0,0.21823540562329274,0.1,0.41,0.5900000000000001,0.5800000000000001,0.5700000000000001,-1188.0,6351.0,-12.0,0.0,market_anchor_edge_lockbox
lockbox,0,market_momentum_logistic,market_anchor_v1,2026-06-03T13:17:42.295+00:00,8837889126,2434004,MAP_WINNER,95270277127221540936666514641007602867836940530470457763623856400122770065860,NO,2026-06-04T09:50:47.386+00:00,1780566645843747409,974.0,19699,True,0.44,0.5450888589407946,0.44,0.4,0.03999999999999998,40.0,0.10508885894079462,0.1,0.44,0.56,0.55,0.54,2659.0,2646.0,-0.0,0.0,market_anchor_edge_lockbox
lockbox,0,market_momentum_logistic,market_anchor_v1,2026-06-03T13:17:42.295+00:00,8839284303,2438989,MAP_WINNER,114146040488139733325487330340298852328977028861013952527563812106944956245845,YES,2026-06-05T12:35:02.069+00:00,1780662902069896945,1064.0,19101,True,0.27,0.38254315623113583,0.27,0.25,0.020000000000000018,106.24,0.11254315623113581,0.1,0.27,0.73,0.72,0.71,3954.0,1796.0,6.0,1.0,market_anchor_edge_lockbox
lockbox,0,market_score_logistic,market_anchor_v1,2026-06-03T13:17:42.295+00:00,8836897842,2420912,MAP_WINNER,32235195938097935323178459208782039392835100846249197947112139554340603840633,YES,2026-06-03T14:11:33.133+00:00,1780495893133306702,2149.0,19699,True,0.61,0.6355618993956067,0.61,0.57,0.040000000000000036,48.16,0.025561899395606713,0.02,0.61,0.39,0.38,0.37,12329.0,-0.0,8.0,1.0,market_anchor_edge_lockbox
lockbox,0,market_score_logistic,market_anchor_v1,2026-06-03T13:17:42.295+00:00,8837052943,2420913,MAP_WINNER,101470685303119067843997333499307762684741418647975160684738685845305569089404,NO,2026-06-03T15:50:43.368+00:00,1780501843368085660,1589.0,19699,True,0.63,0.658133177256751,0.63,0.61,0.020000000000000018,529.57,0.02813317725675102,0.02,0.63,0.37,0.36,0.35,2165.0,2146.0,10.0,1.0,market_anchor_edge_lockbox
lockbox,0,market_score_logistic,market_anchor_v1,2026-06-03T13:17:42.295+00:00,8837052943,2420911,MATCH_WINNER_GAME3_PROXY,108933318677867629109484722035165179116051394277566385984138895636211643040840,YES,2026-06-03T15:49:47.259+00:00,1780501779737685219,1457.0,19699,False,0.68,0.7002212419277828,0.68,0.67,0.010000000000000009,298.52,0.02022124192778274,0.02,0.68,-0.68,-0.6900000000000001,-0.7000000000000001,-19.0,-399.0,-4.0,0.0,market_anchor_edge_lockbox
lockbox,0,market_score_logistic,market_anchor_v1,2026-06-03T13:17:42.295+00:00,8837288943,2426303,MAP_WINNER,47160252683316828213903016406685913365776300850613902200017668743968605839996,YES,2026-06-03T19:13:52.756+00:00,1780514027028093420,2094.0,19699,False,0.46,0.4826380397507232,0.46,0.45,0.010000000000000009,60.23,0.022638039750723205,0.02,0.46,-0.46,-0.47000000000000003,-0.48000000000000004,5608.0,884.0,1.0,0.0,market_anchor_edge_lockbox
lockbox,0,market_score_logistic,market_anchor_v1,2026-06-03T13:17:42.295+00:00,8837288943,2426301,MATCH_WINNER_GAME3_PROXY,115742605798825810671140351705402892864718236624626649822385172810798206734026,YES,2026-06-03T18:49:28.683+00:00,1780512568683269432,651.0,19699,False,0.06,0.08839982133608537,0.06,0.05,0.009999999999999995,52.84,0.028399821336085374,0.02,0.06,-0.06,-0.06999999999999999,-0.08,-4750.0,-1885.0,-2.0,-2.0,market_anchor_edge_lockbox
lockbox,0,market_score_logistic,market_anchor_v1,2026-06-03T13:17:42.295+00:00,8837560468,2431338,MAP_WINNER,12209186566254520286365599364391481998152343346925366745229942210202826729182,YES,2026-06-04T00:07:27.511+00:00,1780531643849036927,1335.0,19699,False,0.14,0.16030017363661683,0.14,0.12,0.020000000000000018,60.0,0.02030017363661682,0.02,0.14,-0.14,-0.15000000000000002,-0.16,-8566.0,-328.0,1.0,0.0,market_anchor_edge_lockbox
lockbox,0,market_score_logistic,market_anchor_v1,2026-06-03T13:17:42.295+00:00,8837692542,2430771,MATCH_WINNER_GAME3_PROXY,63794368777536286964178043817181114800605311439022596268639379908568961080084,YES,2026-06-04T04:23:39.374+00:00,1780547016827514835,605.0,19699,False,0.29,0.33407300486567415,0.29,0.23,0.05999999999999997,28.0,0.04407300486567417,0.02,0.29,-0.29,-0.3,-0.31,-2013.0,-692.0,-0.0,0.0,market_anchor_edge_lockbox
lockbox,0,market_score_logistic,market_anchor_v1,2026-06-03T13:17:42.295+00:00,8837724891,2430771,MATCH_WINNER_GAME3_PROXY,63794368777536286964178043817181114800605311439022596268639379908568961080084,YES,2026-06-04T05:22:38.157+00:00,1780550556746082913,700.0,19699,False,0.1,0.13298668033163707,0.1,0.04,0.060000000000000005,30.0,0.03298668033163707,0.02,0.1,-0.1,-0.11,-0.12000000000000001,-1116.0,-332.0,0.0,0.0,market_anchor_edge_lockbox
lockbox,0,market_score_logistic,market_anchor_v1,2026-06-03T13:17:42.295+00:00,8837725916,2426502,MAP_WINNER,52594887537839614512559444272572610703896061248357097075226605634864038575910,YES,2026-06-04T05:36:06.145+00:00,1780551366145671227,1296.0,19699,False,0.78,0.8055081473348155,0.78,0.77,0.010000000000000009,60.0,0.025508147334815434,0.02,0.78,-0.78,-0.79,-0.8,4280.0,-0.0,11.0,2.0,market_anchor_edge_lockbox
lockbox,0,market_score_logistic,market_anchor_v1,2026-06-03T13:17:42.295+00:00,8837869969,2419050,MAP_WINNER,26828438205657919808188618093289435502312731445257318645041944265533877928545,NO,2026-06-04T09:45:14.913+00:00,1780566314913782576,1027.0,19101,True,0.29,0.31140411431388537,0.29,0.28,0.009999999999999953,40.0,0.021404114313885392,0.02,0.29,0.71,0.7,0.69,-3607.0,-794.0,2.0,-2.0,market_anchor_edge_lockbox
lockbox,0,market_score_logistic,market_anchor_v1,2026-06-03T13:17:42.295+00:00,8839123109,2436602,MAP_WINNER,12493172357686088317695257250867866384087191697468381192399316501348142170927,YES,2026-06-05T09:44:55.226+00:00,1780652691110455502,1569.0,19101,False,0.15,0.1758371762394928,0.15,0.14,0.009999999999999981,100.0,0.025837176239492804,0.02,0.15,-0.15,-0.16,-0.16999999999999998,-10013.0,-1477.0,1.0,0.0,market_anchor_edge_lockbox
lockbox,0,market_score_logistic,market_anchor_v1,2026-06-03T13:17:42.295+00:00,8839284303,2438989,MAP_WINNER,114146040488139733325487330340298852328977028861013952527563812106944956245845,YES,2026-06-05T12:33:59.494+00:00,1780662839494571026,1004.0,19101,True,0.27,0.29012829580574834,0.27,0.25,0.020000000000000018,106.24,0.02012829580574832,0.02,0.27,0.73,0.72,0.71,1899.0,799.0,4.0,1.0,market_anchor_edge_lockbox
lockbox,0,market_structure_logistic,market_anchor_v1,2026-06-03T13:17:42.295+00:00,8836897842,2420912,MAP_WINNER,32235195938097935323178459208782039392835100846249197947112139554340603840633,YES,2026-06-03T14:24:35.011+00:00,1780496675011736928,2937.0,19699,True,0.72,0.854406840915008,0.72,0.62,0.09999999999999998,1785.71,0.13440684091500799,0.1,0.72,0.28,0.27,0.26,12957.0,-1182.0,10.0,10.0,market_anchor_edge_lockbox
lockbox,0,market_structure_logistic,market_anchor_v1,2026-06-03T13:17:42.295+00:00,8839284303,2438989,MAP_WINNER,114146040488139733325487330340298852328977028861013952527563812106944956245845,YES,2026-06-05T12:42:06.751+00:00,1780663326751039672,1488.0,19101,True,0.27,0.4602324597347221,0.27,0.25,0.020000000000000018,106.24,0.19023245973472208,0.1,0.27,0.73,0.72,0.71,17212.0,3504.0,12.0,7.0,market_anchor_edge_lockbox
lockbox,0,market_gettoplive_logistic,market_anchor_v1,2026-06-03T13:17:42.295+00:00,8836897842,2420912,MAP_WINNER,32235195938097935323178459208782039392835100846249197947112139554340603840633,YES,2026-06-03T13:58:39.157+00:00,1780495113852030248,1329.0,19699,True,0.63,0.7610594542802848,0.63,0.62,0.010000000000000009,1393.53,0.13105945428028476,0.08,0.63,0.37,0.36,0.35,7727.0,3372.0,-1.0,0.0,market_anchor_edge_lockbox
lockbox,0,market_gettoplive_logistic,market_anchor_v1,2026-06-03T13:17:42.295+00:00,8836916511,2426338,MAP_WINNER,69151418366272713959836655893874158558280092258467654404718320387879159716914,YES,2026-06-03T14:17:01.635+00:00,1780496217151482104,1623.0,19699,True,0.83,0.9177566081003442,0.83,0.82,0.010000000000000009,40.0,0.08775660810034425,0.08,0.83,0.17000000000000004,0.16000000000000003,0.15000000000000002,12246.0,5023.0,5.0,0.0,market_anchor_edge_lockbox
lockbox,0,market_gettoplive_logistic,market_anchor_v1,2026-06-03T13:17:42.295+00:00,8837052943,2420911,MATCH_WINNER_GAME3_PROXY,77062266834471741867572148726620690396754895414397466242454826641314676167370,NO,2026-06-03T15:49:49.060+00:00,1780501789060505824,1529.0,19699,True,0.39,0.5934009019393642,0.39,0.33,0.06,66.0,0.20340090193936422,0.08,0.39,0.61,0.6,0.59,1627.0,3747.0,10.0,0.0,market_anchor_edge_lockbox
lockbox,0,market_gettoplive_logistic,market_anchor_v1,2026-06-03T13:17:42.295+00:00,8837288943,2426303,MAP_WINNER,47160252683316828213903016406685913365776300850613902200017668743968605839996,YES,2026-06-03T18:59:43.639+00:00,1780513178603497647,1251.0,19699,False,0.48,0.5628417713774245,0.48,0.38,0.09999999999999998,293.0,0.08284177137742454,0.08,0.48,-0.48,-0.49,-0.5,1012.0,2803.0,2.0,0.0,market_anchor_edge_lockbox
lockbox,0,market_gettoplive_logistic,market_anchor_v1,2026-06-03T13:17:42.295+00:00,8837288943,2426301,MATCH_WINNER_GAME3_PROXY,115742605798825810671140351705402892864718236624626649822385172810798206734026,YES,2026-06-03T18:57:24.577+00:00,1780513038534027464,1093.0,19699,False,0.14,0.3045031092826888,0.14,0.1,0.04000000000000001,42.84,0.1645031092826888,0.08,0.14,-0.14,-0.15000000000000002,-0.16,-1791.0,3487.0,0.0,0.0,market_anchor_edge_lockbox
lockbox,0,market_gettoplive_logistic,market_anchor_v1,2026-06-03T13:17:42.295+00:00,8837690631,2426501,MAP_WINNER,64289311866075707438989808298391323126227504797280909226768740794879377974355,YES,2026-06-04T04:36:43.917+00:00,1780547803917882088,1154.0,19699,True,0.76,0.840867760158477,0.76,0.75,0.010000000000000009,1154.37,0.08086776015847696,0.08,0.76,0.24,0.22999999999999998,0.21999999999999997,8212.0,3431.0,11.0,2.0,market_anchor_edge_lockbox
lockbox,0,market_gettoplive_logistic,market_anchor_v1,2026-06-03T13:17:42.295+00:00,8837692542,2430771,MATCH_WINNER_GAME3_PROXY,5631655732638403070134305235151782617674329898630171778054059777857154425400,NO,2026-06-04T04:30:59.648+00:00,1780547459648950034,1058.0,19699,True,0.83,0.9142947478420267,0.83,0.79,0.039999999999999925,29.0,0.08429474784202673,0.08,0.83,0.17000000000000004,0.16000000000000003,0.15000000000000002,8098.0,2898.0,8.0,2.0,market_anchor_edge_lockbox
lockbox,0,market_gettoplive_logistic,market_anchor_v1,2026-06-03T13:17:42.295+00:00,8837725916,2426502,MAP_WINNER,63251095022606080839428557614722050202426749939279688475192153102194566375239,NO,2026-06-04T05:42:28.549+00:00,1780551746794112527,1674.0,19699,True,0.41,0.5450813507363608,0.41,0.37,0.03999999999999998,487.0,0.1350813507363608,0.08,0.41,0.5900000000000001,0.5800000000000001,0.5700000000000001,-1188.0,6351.0,-12.0,0.0,market_anchor_edge_lockbox
lockbox,0,market_gettoplive_logistic,market_anchor_v1,2026-06-03T13:17:42.295+00:00,8837869969,2419050,MAP_WINNER,41737711649606524015601740622807400119394432863162607911851677609524616822443,YES,2026-06-04T09:58:22.536+00:00,1780567099511228751,1787.0,19101,False,0.65,0.7386528696622632,0.65,0.64,0.010000000000000009,97.3,0.08865286966226316,0.08,0.65,-0.65,-0.66,-0.67,7026.0,3475.0,-2.0,0.0,market_anchor_edge_lockbox
lockbox,0,market_gettoplive_logistic,market_anchor_v1,2026-06-03T13:17:42.295+00:00,8837889126,2434004,MAP_WINNER,95270277127221540936666514641007602867836940530470457763623856400122770065860,NO,2026-06-04T09:50:47.386+00:00,1780566645843747409,974.0,19699,True,0.44,0.5515258244805905,0.44,0.4,0.03999999999999998,40.0,0.11152582448059051,0.08,0.44,0.56,0.55,0.54,2659.0,2646.0,-0.0,0.0,market_anchor_edge_lockbox
lockbox,0,market_gettoplive_logistic,market_anchor_v1,2026-06-03T13:17:42.295+00:00,8839123109,2436602,MAP_WINNER,9298716986084654212089808795927470189869441874998360382670367288864614228903,NO,2026-06-05T09:54:05.658+00:00,1780653245658756737,2147.0,19101,True,0.72,0.8304521997446178,0.72,0.7,0.020000000000000018,1441.8,0.11045219974461784,0.08,0.72,0.28,0.27,0.26,12493.0,3441.0,11.0,2.0,market_anchor_edge_lockbox
lockbox,0,market_gettoplive_logistic,market_anchor_v1,2026-06-03T13:17:42.295+00:00,8839284303,2438989,MAP_WINNER,114146040488139733325487330340298852328977028861013952527563812106944956245845,YES,2026-06-05T12:32:24.756+00:00,1780662736336605764,884.0,19101,True,0.27,0.35216662820693284,0.27,0.25,0.020000000000000018,106.24,0.08216662820693282,0.08,0.27,0.73,0.72,0.71,1100.0,1186.0,-0.0,0.0,market_anchor_edge_lockbox
