table,ask_bucket,state_bucket_type,state_bucket,rows,matches,avg_ask,win_rate,win_rate_minus_avg_ask,avg_pnl,total_pnl,robust_residual_bucket,robust_gate_reason
market_calibration,00_20,,,2015,79,0.12311662531017371,0.08982630272952853,-0.03329032258064518,-0.03329032258064517,-67.08000000000001,,
market_calibration,20_35,,,1542,85,0.27974708171206225,0.2509727626459144,-0.028774319066147858,-0.02877431906614787,-44.37000000000002,,
market_calibration,35_50,,,1415,65,0.43491166077738524,0.38303886925795055,-0.05187279151943469,-0.05187279151943462,-73.39999999999999,,
market_calibration,50_65,,,1295,57,0.5848185328185328,0.5505791505791506,-0.034239382239382166,-0.03423938223938224,-44.34,,
market_calibration,65_80,,,1510,81,0.7363377483443708,0.7105960264900663,-0.025741721854304567,-0.025741721854304633,-38.87,,
market_calibration,80_100,,,2204,90,0.8878212341197822,0.8715970961887477,-0.0162241379310345,-0.016224137931034482,-35.757999999999996,,
state_residual,00_20,side_nw_bucket,nw_-3k_3k,88,17,0.15215909090909088,0.06818181818181818,-0.0839772727272727,-0.08397727272727272,-7.389999999999999,False,nonpositive_residual
state_residual,00_20,side_nw_bucket,nw_-8k_-3k,675,60,0.1374074074074074,0.09481481481481481,-0.042592592592592585,-0.042592592592592605,-28.750000000000007,False,nonpositive_residual
state_residual,00_20,side_nw_bucket,nw_3k_8k,41,5,0.1402439024390244,0.5609756097560976,0.4207317073170732,0.42073170731707316,17.25,False,too_few_matches
state_residual,00_20,side_nw_bucket,nw_ge_8k,11,3,0.12727272727272726,0.2727272727272727,0.14545454545454545,0.14545454545454548,1.6,False,too_few_rows
state_residual,00_20,side_nw_bucket,nw_lt_-8k,1197,72,0.1124561403508772,0.07101086048454469,-0.04144527986633251,-0.04144527986633249,-49.60999999999999,False,nonpositive_residual
state_residual,20_35,side_nw_bucket,nw_-3k_3k,528,55,0.2881628787878788,0.2518939393939394,-0.03626893939393938,-0.036268939393939416,-19.150000000000013,False,nonpositive_residual
state_residual,20_35,side_nw_bucket,nw_-8k_-3k,559,67,0.2727728085867621,0.24865831842576028,-0.02411449016100184,-0.0241144901610018,-13.480000000000008,False,nonpositive_residual
state_residual,20_35,side_nw_bucket,nw_3k_8k,38,9,0.29842105263157886,0.5789473684210527,0.2805263157894738,0.28052631578947373,10.660000000000002,False,too_few_matches
state_residual,20_35,side_nw_bucket,nw_ge_8k,41,4,0.2736585365853659,0.8780487804878049,0.604390243902439,0.604390243902439,24.779999999999998,False,too_few_matches
state_residual,20_35,side_nw_bucket,nw_lt_-8k,375,47,0.2772266666666667,0.152,-0.12522666666666668,-0.12522666666666668,-46.96,False,nonpositive_residual
state_residual,35_50,side_nw_bucket,nw_-3k_3k,784,54,0.4374617346938776,0.45535714285714285,0.017895408163265236,0.01789540816326533,14.030000000000019,True,pass
state_residual,35_50,side_nw_bucket,nw_-8k_-3k,315,43,0.42104761904761906,0.23174603174603176,-0.1893015873015873,-0.1893015873015873,-59.63,False,nonpositive_residual
state_residual,35_50,side_nw_bucket,nw_3k_8k,140,16,0.447,0.37142857142857144,-0.07557142857142857,-0.07557142857142855,-10.579999999999998,False,nonpositive_residual
state_residual,35_50,side_nw_bucket,nw_ge_8k,30,8,0.455,0.6333333333333333,0.1783333333333333,0.17833333333333337,5.350000000000001,False,too_few_matches
state_residual,35_50,side_nw_bucket,nw_lt_-8k,146,21,0.4354109589041096,0.2808219178082192,-0.1545890410958904,-0.15458904109589042,-22.57,False,nonpositive_residual
state_residual,50_65,side_nw_bucket,nw_-3k_3k,764,50,0.5819371727748691,0.5549738219895288,-0.02696335078534029,-0.026963350785340325,-20.60000000000001,False,nonpositive_residual
state_residual,50_65,side_nw_bucket,nw_-8k_-3k,115,21,0.576695652173913,0.5130434782608696,-0.06365217391304345,-0.06365217391304348,-7.32,False,nonpositive_residual
state_residual,50_65,side_nw_bucket,nw_3k_8k,232,34,0.5947413793103448,0.5948275862068966,8.620689655181035e-05,8.620689655171464e-05,0.019999999999997797,True,pass
state_residual,50_65,side_nw_bucket,nw_ge_8k,130,17,0.5941538461538461,0.5769230769230769,-0.01723076923076927,-0.01723076923076922,-2.2399999999999984,False,nonpositive_residual
state_residual,50_65,side_nw_bucket,nw_lt_-8k,54,10,0.5777777777777778,0.3148148148148148,-0.262962962962963,-0.26296296296296295,-14.2,False,nonpositive_residual
state_residual,65_80,side_nw_bucket,nw_-3k_3k,621,62,0.7307729468599035,0.714975845410628,-0.015797101449275486,-0.015797101449275354,-9.809999999999995,False,nonpositive_residual
state_residual,65_80,side_nw_bucket,nw_-8k_-3k,68,13,0.7185294117647059,0.7205882352941176,0.0020588235294117796,0.00205882352941176,0.13999999999999968,True,pass
state_residual,65_80,side_nw_bucket,nw_3k_8k,504,62,0.7394642857142856,0.7261904761904762,-0.01327380952380941,-0.01327380952380952,-6.689999999999998,False,nonpositive_residual
state_residual,65_80,side_nw_bucket,nw_ge_8k,260,35,0.7477307692307693,0.7923076923076923,0.04457692307692296,0.044576923076923076,11.59,True,pass
state_residual,65_80,side_nw_bucket,nw_lt_-8k,56,10,0.7376785714285715,0.125,-0.6126785714285715,-0.6126785714285715,-34.31,False,nonpositive_residual
state_residual,80_100,side_nw_bucket,nw_-3k_3k,181,29,0.8642541436464088,0.712707182320442,-0.1515469613259669,-0.15154696132596684,-27.43,False,nonpositive_residual
state_residual,80_100,side_nw_bucket,nw_-8k_-3k,75,7,0.8687999999999999,0.6933333333333334,-0.17546666666666655,-0.1754666666666667,-13.160000000000002,False,too_few_matches
state_residual,80_100,side_nw_bucket,nw_3k_8k,820,68,0.8806317073170731,0.8719512195121951,-0.008680487804877957,-0.008680487804878047,-7.1179999999999986,False,nonpositive_residual
state_residual,80_100,side_nw_bucket,nw_ge_8k,1091,70,0.8988542621448213,0.923923006416132,0.025068744271310672,0.025068744271310724,27.35,True,pass
state_residual,80_100,side_nw_bucket,nw_lt_-8k,36,8,0.8738888888888889,0.4444444444444444,-0.4294444444444445,-0.4294444444444444,-15.459999999999999,False,too_few_matches
state_residual,00_20,side_mom_100_bucket,mom_-1k_1k,621,63,0.12810789049919485,0.08051529790660225,-0.0475925925925926,-0.0475925925925926,-29.555000000000007,False,nonpositive_residual
state_residual,00_20,side_mom_100_bucket,mom_-5k_-1k,1018,71,0.1218418467583497,0.0825147347740668,-0.0393271119842829,-0.03932711198428291,-40.035000000000004,False,nonpositive_residual
state_residual,00_20,side_mom_100_bucket,mom_1k_5k,111,23,0.13135135135135134,0.12612612612612611,-0.005225225225225227,-0.005225225225225226,-0.5800000000000001,False,nonpositive_residual
state_residual,00_20,side_mom_100_bucket,mom_ge_5k,24,5,0.13208333333333333,0.5,0.36791666666666667,0.36791666666666667,8.83,False,too_few_rows
state_residual,00_20,side_mom_100_bucket,mom_lt_-5k,212,45,0.11018867924528301,0.07547169811320754,-0.03471698113207547,-0.03471698113207548,-7.360000000000003,False,nonpositive_residual
state_residual,20_35,side_mom_100_bucket,mom_-1k_1k,575,72,0.2788,0.2,-0.07879999999999998,-0.07880000000000001,-45.31,False,nonpositive_residual
state_residual,20_35,side_mom_100_bucket,mom_-5k_-1k,614,74,0.2814169381107492,0.23452768729641693,-0.04688925081433226,-0.04688925081433227,-28.790000000000013,False,nonpositive_residual
state_residual,20_35,side_mom_100_bucket,mom_1k_5k,192,34,0.28171875,0.421875,0.14015624999999998,0.14015624999999998,26.909999999999997,True,pass
state_residual,20_35,side_mom_100_bucket,mom_ge_5k,20,8,0.26949999999999996,0.65,0.38050000000000006,0.38050000000000006,7.610000000000001,False,too_few_rows
state_residual,20_35,side_mom_100_bucket,mom_lt_-5k,123,26,0.27967479674796747,0.2764227642276423,-0.0032520325203251876,-0.003252032520325219,-0.4000000000000019,False,nonpositive_residual
state_residual,35_50,side_mom_100_bucket,mom_-1k_1k,667,60,0.43667166416791603,0.37631184407796103,-0.060359820089954996,-0.06035982008995501,-40.25999999999999,False,nonpositive_residual
state_residual,35_50,side_mom_100_bucket,mom_-5k_-1k,355,54,0.4322816901408451,0.3211267605633803,-0.11115492957746481,-0.1111549295774648,-39.46,False,nonpositive_residual
state_residual,35_50,side_mom_100_bucket,mom_1k_5k,286,45,0.43671328671328674,0.4755244755244755,0.03881118881118878,0.038811188811188835,11.100000000000007,True,pass
state_residual,35_50,side_mom_100_bucket,mom_ge_5k,38,10,0.4371052631578947,0.5263157894736842,0.08921052631578946,0.08921052631578946,3.3899999999999997,True,pass
state_residual,35_50,side_mom_100_bucket,mom_lt_-5k,59,15,0.42237288135593215,0.2711864406779661,-0.15118644067796605,-0.1511864406779661,-8.92,False,nonpositive_residual
state_residual,50_65,side_mom_100_bucket,mom_-1k_1k,589,52,0.58660441426146,0.5789473684210527,-0.007657045840407384,-0.007657045840407475,-4.5100000000000025,False,nonpositive_residual
state_residual,50_65,side_mom_100_bucket,mom_-5k_-1k,251,44,0.581792828685259,0.4701195219123506,-0.11167330677290832,-0.11167330677290838,-28.03,False,nonpositive_residual
state_residual,50_65,side_mom_100_bucket,mom_1k_5k,352,45,0.5842045454545454,0.5625,-0.021704545454545365,-0.021704545454545452,-7.639999999999999,False,nonpositive_residual
state_residual,50_65,side_mom_100_bucket,mom_ge_5k,44,14,0.5920454545454545,0.6136363636363636,0.021590909090909105,0.021590909090909098,0.9500000000000003,True,pass
state_residual,50_65,side_mom_100_bucket,mom_lt_-5k,47,11,0.5759574468085107,0.48936170212765956,-0.08659574468085113,-0.08659574468085107,-4.07,False,nonpositive_residual
state_residual,65_80,side_mom_100_bucket,mom_-1k_1k,615,70,0.7335447154471545,0.7479674796747967,0.014422764227642215,0.014422764227642267,8.869999999999994,True,pass
state_residual,65_80,side_mom_100_bucket,mom_-5k_-1k,217,39,0.7299539170506911,0.5483870967741935,-0.18156682027649762,-0.18156682027649773,-39.400000000000006,False,nonpositive_residual
state_residual,65_80,side_mom_100_bucket,mom_1k_5k,512,68,0.7382421875,0.751953125,0.013710937499999964,0.013710937499999992,7.019999999999996,True,pass
state_residual,65_80,side_mom_100_bucket,mom_ge_5k,122,24,0.7464754098360656,0.6721311475409836,-0.07434426229508206,-0.07434426229508197,-9.07,False,nonpositive_residual
state_residual,65_80,side_mom_100_bucket,mom_lt_-5k,31,11,0.7512903225806452,0.45161290322580644,-0.29967741935483877,-0.29967741935483866,-9.29,False,nonpositive_residual
state_residual,80_100,side_mom_100_bucket,mom_-1k_1k,693,70,0.8828860028860029,0.8946608946608947,0.011774891774891771,0.01177489177489178,8.160000000000004,True,pass
state_residual,80_100,side_mom_100_bucket,mom_-5k_-1k,188,34,0.8846808510638298,0.7819148936170213,-0.1027659574468085,-0.10276595744680851,-19.32,False,nonpositive_residual
state_residual,80_100,side_mom_100_bucket,mom_1k_5k,1073,83,0.8903821062441752,0.8853681267474371,-0.005013979496738097,-0.005013979496738117,-5.379999999999999,False,nonpositive_residual
state_residual,80_100,side_mom_100_bucket,mom_ge_5k,188,37,0.8985106382978723,0.9042553191489362,0.0057446808510639435,0.0057446808510638395,1.0800000000000018,True,pass
state_residual,80_100,side_mom_100_bucket,mom_lt_-5k,35,9,0.8685714285714285,0.37142857142857144,-0.4971428571428571,-0.4971428571428571,-17.4,False,too_few_matches
state_residual,00_20,side_kill_mom_bucket,kill_mom_-2_-1,221,35,0.11773755656108595,0.07692307692307693,-0.04081447963800902,-0.04081447963800905,-9.02,False,nonpositive_residual
state_residual,00_20,side_kill_mom_bucket,kill_mom_0,290,55,0.12724137931034482,0.05172413793103448,-0.07551724137931035,-0.07551724137931035,-21.900000000000002,False,nonpositive_residual
state_residual,00_20,side_kill_mom_bucket,kill_mom_1_2,188,38,0.12382978723404255,0.09574468085106383,-0.028085106382978717,-0.02808510638297872,-5.279999999999999,False,nonpositive_residual
state_residual,00_20,side_kill_mom_bucket,kill_mom_ge_3,620,55,0.12591129032258064,0.1064516129032258,-0.019459677419354837,-0.01945967741935484,-12.065000000000001,False,nonpositive_residual
state_residual,00_20,side_kill_mom_bucket,kill_mom_le_-3,672,55,0.12021577380952381,0.08928571428571429,-0.03093005952380952,-0.03093005952380954,-20.78500000000001,False,nonpositive_residual
state_residual,20_35,side_kill_mom_bucket,kill_mom_-2_-1,160,35,0.27162500000000006,0.30625,0.03462499999999996,0.03462499999999999,5.539999999999998,True,pass
state_residual,20_35,side_kill_mom_bucket,kill_mom_0,261,57,0.27819923371647504,0.25287356321839083,-0.025325670498084207,-0.025325670498084298,-6.610000000000002,False,nonpositive_residual
state_residual,20_35,side_kill_mom_bucket,kill_mom_1_2,131,34,0.2914503816793893,0.26717557251908397,-0.024274809160305333,-0.024274809160305354,-3.1800000000000015,False,nonpositive_residual
state_residual,20_35,side_kill_mom_bucket,kill_mom_ge_3,464,61,0.28172413793103446,0.22198275862068967,-0.05974137931034479,-0.05974137931034485,-27.72000000000001,False,nonpositive_residual
state_residual,20_35,side_kill_mom_bucket,kill_mom_le_-3,508,61,0.2795472440944882,0.2637795275590551,-0.01576771653543313,-0.015767716535433088,-8.010000000000009,False,nonpositive_residual
state_residual,35_50,side_kill_mom_bucket,kill_mom_-2_-1,127,33,0.43362204724409437,0.2992125984251969,-0.1344094488188975,-0.13440944881889763,-17.07,False,nonpositive_residual
state_residual,35_50,side_kill_mom_bucket,kill_mom_0,247,51,0.4418623481781377,0.4251012145748988,-0.016761133603238887,-0.01676113360323886,-4.139999999999998,False,nonpositive_residual
state_residual,35_50,side_kill_mom_bucket,kill_mom_1_2,131,32,0.4431297709923664,0.4122137404580153,-0.030916030534351102,-0.030916030534351137,-4.049999999999999,False,nonpositive_residual
state_residual,35_50,side_kill_mom_bucket,kill_mom_ge_3,463,52,0.4319870410367171,0.3650107991360691,-0.06697624190064799,-0.06697624190064794,-31.009999999999994,False,nonpositive_residual
state_residual,35_50,side_kill_mom_bucket,kill_mom_le_-3,437,57,0.43221967963386726,0.391304347826087,-0.040915331807780286,-0.04091533180778029,-17.87999999999999,False,nonpositive_residual
state_residual,50_65,side_kill_mom_bucket,kill_mom_-2_-1,103,30,0.5916504854368931,0.4174757281553398,-0.17417475728155335,-0.1741747572815534,-17.94,False,nonpositive_residual
state_residual,50_65,side_kill_mom_bucket,kill_mom_0,244,42,0.5855327868852459,0.5450819672131147,-0.040450819672131155,-0.04045081967213115,-9.870000000000001,False,nonpositive_residual
state_residual,50_65,side_kill_mom_bucket,kill_mom_1_2,96,34,0.5908333333333333,0.5416666666666666,-0.04916666666666669,-0.049166666666666664,-4.72,False,nonpositive_residual
state_residual,50_65,side_kill_mom_bucket,kill_mom_ge_3,403,52,0.5830272952853598,0.47642679900744417,-0.10660049627791562,-0.10660049627791562,-42.959999999999994,False,nonpositive_residual
state_residual,50_65,side_kill_mom_bucket,kill_mom_le_-3,437,48,0.5830892448512586,0.6567505720823799,0.07366132723112129,0.07366132723112132,32.19000000000001,True,pass
state_residual,65_80,side_kill_mom_bucket,kill_mom_-2_-1,123,35,0.7356097560975607,0.6585365853658537,-0.07707317073170705,-0.07707317073170733,-9.480000000000002,False,nonpositive_residual
state_residual,65_80,side_kill_mom_bucket,kill_mom_0,242,63,0.7373140495867769,0.7148760330578512,-0.02243801652892574,-0.02243801652892563,-5.430000000000002,False,nonpositive_residual
state_residual,65_80,side_kill_mom_bucket,kill_mom_1_2,138,32,0.7389130434782608,0.6811594202898551,-0.05775362318840571,-0.0577536231884058,-7.970000000000001,False,nonpositive_residual
state_residual,65_80,side_kill_mom_bucket,kill_mom_ge_3,520,65,0.7356346153846154,0.7230769230769231,-0.012557692307692325,-0.01255769230769231,-6.530000000000001,False,nonpositive_residual
state_residual,65_80,side_kill_mom_bucket,kill_mom_le_-3,474,60,0.7351476793248944,0.7088607594936709,-0.026286919831223554,-0.026286919831223637,-12.460000000000004,False,nonpositive_residual
state_residual,80_100,side_kill_mom_bucket,kill_mom_-2_-1,202,40,0.8882178217821783,0.8712871287128713,-0.016930693069307057,-0.01693069306930692,-3.419999999999998,False,nonpositive_residual
state_residual,80_100,side_kill_mom_bucket,kill_mom_0,325,67,0.8864000000000001,0.8923076923076924,0.0059076923076922805,0.005907692307692312,1.9200000000000013,True,pass
state_residual,80_100,side_kill_mom_bucket,kill_mom_1_2,233,40,0.8897424892703862,0.9141630901287554,0.024420600858369168,0.024420600858369095,5.6899999999999995,True,pass
state_residual,80_100,side_kill_mom_bucket,kill_mom_ge_3,755,63,0.8886092715231788,0.8874172185430463,-0.0011920529801324742,-0.0011920529801324508,-0.9000000000000004,False,nonpositive_residual
state_residual,80_100,side_kill_mom_bucket,kill_mom_le_-3,664,67,0.8871234939759035,0.8328313253012049,-0.05429216867469866,-0.05429216867469879,-36.05,False,nonpositive_residual
state_residual,00_20,side_transition_kill_delta_bucket,transition_kill_-2_-1,123,27,0.11975609756097563,0.056910569105691054,-0.06284552845528457,-0.06284552845528456,-7.73,False,nonpositive_residual
state_residual,00_20,side_transition_kill_delta_bucket,transition_kill_0,517,74,0.12384912959381045,0.09477756286266925,-0.029071566731141196,-0.029071566731141203,-15.030000000000003,False,nonpositive_residual
state_residual,00_20,side_transition_kill_delta_bucket,transition_kill_1_2,201,52,0.11930348258706468,0.08955223880597014,-0.029751243781094533,-0.02975124378109453,-5.98,False,nonpositive_residual
state_residual,00_20,side_transition_kill_delta_bucket,transition_kill_ge_3,599,74,0.12362270450751252,0.09682804674457429,-0.026794657762938226,-0.026794657762938236,-16.050000000000004,False,nonpositive_residual
state_residual,00_20,side_transition_kill_delta_bucket,transition_kill_le_-3,570,70,0.12410526315789475,0.08421052631578947,-0.039894736842105274,-0.03989473684210527,-22.740000000000002,False,nonpositive_residual
state_residual,20_35,side_transition_kill_delta_bucket,transition_kill_-2_-1,51,18,0.2727450980392157,0.0392156862745098,-0.2335294117647059,-0.23352941176470587,-11.91,False,nonpositive_residual
state_residual,20_35,side_transition_kill_delta_bucket,transition_kill_0,397,73,0.28211586901763225,0.3148614609571788,0.03274559193954657,0.03274559193954659,12.999999999999996,True,pass
state_residual,20_35,side_transition_kill_delta_bucket,transition_kill_1_2,149,51,0.27610738255033557,0.1610738255033557,-0.11503355704697987,-0.11503355704697987,-17.14,False,nonpositive_residual
state_residual,20_35,side_transition_kill_delta_bucket,transition_kill_ge_3,478,79,0.28018828451882855,0.2384937238493724,-0.04169456066945615,-0.04169456066945608,-19.930000000000007,False,nonpositive_residual
state_residual,20_35,side_transition_kill_delta_bucket,transition_kill_le_-3,462,80,0.2798917748917749,0.26406926406926406,-0.01582251082251085,-0.01582251082251083,-7.310000000000004,False,nonpositive_residual
state_residual,35_50,side_transition_kill_delta_bucket,transition_kill_-2_-1,37,10,0.44189189189189193,0.1891891891891892,-0.25270270270270273,-0.2527027027027028,-9.350000000000003,False,nonpositive_residual
state_residual,35_50,side_transition_kill_delta_bucket,transition_kill_0,382,61,0.43746073298429305,0.35340314136125656,-0.0840575916230365,-0.08405759162303661,-32.109999999999985,False,nonpositive_residual
state_residual,35_50,side_transition_kill_delta_bucket,transition_kill_1_2,139,43,0.4374820143884892,0.38848920863309355,-0.04899280575539566,-0.04899280575539567,-6.809999999999998,False,nonpositive_residual
state_residual,35_50,side_transition_kill_delta_bucket,transition_kill_ge_3,443,64,0.4290519187358917,0.4040632054176072,-0.024988713318284506,-0.02498871331828441,-11.069999999999993,False,nonpositive_residual
state_residual,35_50,side_transition_kill_delta_bucket,transition_kill_le_-3,411,65,0.43729927007299274,0.40145985401459855,-0.03583941605839419,-0.035839416058394136,-14.72999999999999,False,nonpositive_residual
state_residual,50_65,side_transition_kill_delta_bucket,transition_kill_-2_-1,21,9,0.5823809523809524,0.47619047619047616,-0.10619047619047628,-0.10619047619047621,-2.2300000000000004,False,too_few_rows
state_residual,50_65,side_transition_kill_delta_bucket,transition_kill_0,306,51,0.5832679738562091,0.5,-0.0832679738562091,-0.08326797385620914,-25.479999999999997,False,nonpositive_residual
state_residual,50_65,side_transition_kill_delta_bucket,transition_kill_1_2,127,43,0.5827559055118109,0.5039370078740157,-0.07881889763779515,-0.07881889763779526,-10.009999999999998,False,nonpositive_residual
state_residual,50_65,side_transition_kill_delta_bucket,transition_kill_ge_3,445,54,0.5847640449438203,0.5752808988764045,-0.009483146067415738,-0.009483146067415727,-4.219999999999999,False,nonpositive_residual
state_residual,50_65,side_transition_kill_delta_bucket,transition_kill_le_-3,392,54,0.5866581632653061,0.5841836734693877,-0.0024744897959183554,-0.0024744897959183714,-0.9700000000000015,False,nonpositive_residual
state_residual,65_80,side_transition_kill_delta_bucket,transition_kill_-2_-1,9,3,0.7466666666666667,0.1111111111111111,-0.6355555555555557,-0.6355555555555557,-5.720000000000001,False,too_few_rows
state_residual,65_80,side_transition_kill_delta_bucket,transition_kill_0,356,70,0.7353651685393259,0.6713483146067416,-0.06401685393258427,-0.06401685393258427,-22.79,False,nonpositive_residual
state_residual,65_80,side_transition_kill_delta_bucket,transition_kill_1_2,109,42,0.7359633027522936,0.6697247706422018,-0.06623853211009179,-0.06623853211009174,-7.220000000000001,False,nonpositive_residual
state_residual,65_80,side_transition_kill_delta_bucket,transition_kill_ge_3,533,76,0.7351594746716699,0.7485928705440901,0.013433395872420206,0.013433395872420253,7.159999999999995,True,pass
state_residual,65_80,side_transition_kill_delta_bucket,transition_kill_le_-3,498,76,0.7377710843373493,0.714859437751004,-0.022911646586345258,-0.022911646586345386,-11.410000000000002,False,nonpositive_residual
state_residual,80_100,side_transition_kill_delta_bucket,transition_kill_-2_-1,6,5,0.8683333333333333,0.8333333333333334,-0.03499999999999992,-0.034999999999999976,-0.20999999999999985,False,too_few_rows
state_residual,80_100,side_transition_kill_delta_bucket,transition_kill_0,473,79,0.886448202959831,0.86892177589852,-0.017526427061310912,-0.017526427061310773,-8.289999999999996,False,nonpositive_residual
state_residual,80_100,side_transition_kill_delta_bucket,transition_kill_1_2,211,61,0.8892890995260663,0.8625592417061612,-0.026729857819905112,-0.026729857819905212,-5.64,False,nonpositive_residual
state_residual,80_100,side_transition_kill_delta_bucket,transition_kill_ge_3,774,85,0.8879302325581394,0.872093023255814,-0.01583720930232546,-0.015837209302325572,-12.257999999999992,False,nonpositive_residual
state_residual,80_100,side_transition_kill_delta_bucket,transition_kill_le_-3,735,83,0.8884625850340135,0.8761904761904762,-0.012272108843537355,-0.012272108843537405,-9.019999999999992,False,nonpositive_residual
state_residual,00_20,side_transition_nw_delta_bucket,transition_nw_-1k_1k,1659,77,0.12426461723930078,0.0916214587100663,-0.03264315852923448,-0.03264315852923448,-54.155,False,nonpositive_residual
state_residual,00_20,side_transition_nw_delta_bucket,transition_nw_-5k_-1k,274,66,0.1212956204379562,0.072992700729927,-0.048302919708029204,-0.0483029197080292,-13.235,False,nonpositive_residual
state_residual,00_20,side_transition_nw_delta_bucket,transition_nw_1k_5k,35,21,0.11657142857142858,0.11428571428571428,-0.0022857142857142937,-0.0022857142857142902,-0.08000000000000015,False,nonpositive_residual
state_residual,00_20,side_transition_nw_delta_bucket,transition_nw_ge_5k,5,4,0.1,0.6,0.5,0.5,2.5,False,too_few_rows
state_residual,00_20,side_transition_nw_delta_bucket,transition_nw_le_-5k,31,20,0.10258064516129031,0.03225806451612903,-0.07032258064516128,-0.0703225806451613,-2.18,False,nonpositive_residual
state_residual,20_35,side_transition_nw_delta_bucket,transition_nw_-1k_1k,1301,84,0.2793850883935434,0.24750192159877019,-0.03188316679477324,-0.03188316679477326,-41.48000000000001,False,nonpositive_residual
state_residual,20_35,side_transition_nw_delta_bucket,transition_nw_-5k_-1k,159,61,0.28289308176100625,0.1949685534591195,-0.08792452830188674,-0.08792452830188682,-13.980000000000004,False,nonpositive_residual
state_residual,20_35,side_transition_nw_delta_bucket,transition_nw_1k_5k,59,26,0.2838983050847458,0.4745762711864407,0.1906779661016949,0.1906779661016949,11.25,True,pass
state_residual,20_35,side_transition_nw_delta_bucket,transition_nw_ge_5k,5,4,0.288,0.2,-0.08799999999999997,-0.088,-0.44,False,too_few_rows
state_residual,20_35,side_transition_nw_delta_bucket,transition_nw_le_-5k,12,7,0.2741666666666667,0.4166666666666667,0.14249999999999996,0.14250000000000002,1.7100000000000002,False,too_few_rows
state_residual,35_50,side_transition_nw_delta_bucket,transition_nw_-1k_1k,1190,65,0.4361008403361345,0.380672268907563,-0.055428571428571494,-0.05542857142857141,-65.95999999999998,False,nonpositive_residual
state_residual,35_50,side_transition_nw_delta_bucket,transition_nw_-5k_-1k,117,50,0.4316239316239316,0.27350427350427353,-0.15811965811965806,-0.1581196581196581,-18.5,False,nonpositive_residual
state_residual,35_50,side_transition_nw_delta_bucket,transition_nw_1k_5k,84,36,0.4245238095238094,0.5357142857142857,0.11119047619047628,0.11119047619047623,9.340000000000003,True,pass
state_residual,35_50,side_transition_nw_delta_bucket,transition_nw_ge_5k,10,6,0.44400000000000006,0.5,0.05599999999999994,0.055999999999999994,0.5599999999999999,False,too_few_rows
state_residual,35_50,side_transition_nw_delta_bucket,transition_nw_le_-5k,11,7,0.4100000000000001,0.45454545454545453,0.044545454545454444,0.04454545454545455,0.49,False,too_few_rows
state_residual,50_65,side_transition_nw_delta_bucket,transition_nw_-1k_1k,1096,56,0.5849726277372262,0.552007299270073,-0.032965328467153276,-0.03296532846715328,-36.129999999999995,False,nonpositive_residual
state_residual,50_65,side_transition_nw_delta_bucket,transition_nw_-5k_-1k,82,34,0.5834146341463414,0.4634146341463415,-0.11999999999999994,-0.12,-9.84,False,nonpositive_residual
state_residual,50_65,side_transition_nw_delta_bucket,transition_nw_1k_5k,96,37,0.5847916666666667,0.6145833333333334,0.02979166666666666,0.02979166666666667,2.8600000000000003,True,pass
state_residual,50_65,side_transition_nw_delta_bucket,transition_nw_ge_5k,6,5,0.5683333333333334,0.6666666666666666,0.09833333333333327,0.09833333333333331,0.5899999999999999,False,too_few_rows
state_residual,50_65,side_transition_nw_delta_bucket,transition_nw_le_-5k,11,7,0.5809090909090909,0.5454545454545454,-0.035454545454545516,-0.035454545454545454,-0.39,False,too_few_rows
state_residual,65_80,side_transition_nw_delta_bucket,transition_nw_-1k_1k,1280,81,0.7358671875,0.71640625,-0.019460937499999997,-0.0194609375,-24.91,False,nonpositive_residual
state_residual,65_80,side_transition_nw_delta_bucket,transition_nw_-5k_-1k,72,35,0.7361111111111112,0.5555555555555556,-0.18055555555555558,-0.18055555555555555,-13.0,False,nonpositive_residual
state_residual,65_80,side_transition_nw_delta_bucket,transition_nw_1k_5k,129,52,0.737906976744186,0.7286821705426356,-0.009224806201550417,-0.009224806201550398,-1.1900000000000013,False,nonpositive_residual
state_residual,65_80,side_transition_nw_delta_bucket,transition_nw_ge_5k,17,10,0.7464705882352942,0.6470588235294118,-0.09941176470588242,-0.09941176470588238,-1.6900000000000004,False,too_few_rows
state_residual,65_80,side_transition_nw_delta_bucket,transition_nw_le_-5k,7,5,0.7414285714285713,0.8571428571428571,0.11571428571428577,0.1157142857142857,0.8099999999999999,False,too_few_rows
state_residual,80_100,side_transition_nw_delta_bucket,transition_nw_-1k_1k,1810,87,0.8872375690607734,0.8734806629834254,-0.01375690607734803,-0.013756906077348063,-24.899999999999995,False,nonpositive_residual
state_residual,80_100,side_transition_nw_delta_bucket,transition_nw_-5k_-1k,62,26,0.8883870967741935,0.7741935483870968,-0.11419354838709672,-0.11419354838709675,-7.079999999999998,False,nonpositive_residual
state_residual,80_100,side_transition_nw_delta_bucket,transition_nw_1k_5k,291,74,0.89013058419244,0.8900343642611683,-9.621993127162387e-05,-9.621993127147165e-05,-0.02799999999999825,False,nonpositive_residual
state_residual,80_100,side_transition_nw_delta_bucket,transition_nw_ge_5k,26,16,0.9038461538461539,0.9230769230769231,0.019230769230769273,0.019230769230769235,0.5000000000000001,True,pass
state_residual,80_100,side_transition_nw_delta_bucket,transition_nw_le_-5k,8,6,0.8775,0.375,-0.5025,-0.5025,-4.02,False,too_few_rows
state_residual,00_20,score_nw_lag_type,no_change,343,72,0.1234402332361516,0.10787172011661808,-0.015568513119533514,-0.015568513119533528,-5.34,False,nonpositive_residual
state_residual,00_20,score_nw_lag_type,nw_only,10,5,0.148,0.0,-0.148,-0.148,-1.48,False,too_few_rows
state_residual,00_20,score_nw_lag_type,nw_then_score,237,53,0.11962025316455696,0.08016877637130802,-0.03945147679324894,-0.039451476793248945,-9.35,False,nonpositive_residual
state_residual,00_20,score_nw_lag_type,same_snapshot,325,72,0.11773846153846154,0.08307692307692308,-0.034661538461538466,-0.03466153846153845,-11.264999999999997,False,nonpositive_residual
state_residual,00_20,score_nw_lag_type,score_only,1089,76,0.12516528925619835,0.08907254361799816,-0.0360927456382002,-0.03609274563820019,-39.30500000000001,False,nonpositive_residual
state_residual,00_20,score_nw_lag_type,score_then_nw,11,11,0.12181818181818184,0.09090909090909091,-0.030909090909090928,-0.03090909090909091,-0.34,False,too_few_rows
state_residual,20_35,score_nw_lag_type,no_change,303,68,0.28141914191419143,0.31683168316831684,0.03541254125412541,0.0354125412541254,10.729999999999997,True,pass
state_residual,20_35,score_nw_lag_type,nw_only,9,5,0.30666666666666664,0.3333333333333333,0.026666666666666672,0.026666666666666672,0.24000000000000005,False,too_few_rows
state_residual,20_35,score_nw_lag_type,nw_then_score,146,46,0.28,0.3493150684931507,0.06931506849315067,0.0693150684931507,10.120000000000001,True,pass
state_residual,20_35,score_nw_lag_type,same_snapshot,220,66,0.28240909090909094,0.2636363636363636,-0.01877272727272733,-0.01877272727272728,-4.130000000000002,False,nonpositive_residual
state_residual,20_35,score_nw_lag_type,score_only,858,83,0.2782750582750583,0.20396270396270397,-0.0743123543123543,-0.07431235431235432,-63.760000000000005,False,nonpositive_residual
state_residual,20_35,score_nw_lag_type,score_then_nw,6,5,0.26166666666666666,0.6666666666666666,0.40499999999999997,0.40499999999999997,2.4299999999999997,False,too_few_rows
state_residual,35_50,score_nw_lag_type,no_change,274,58,0.43908759124087593,0.36496350364963503,-0.0741240875912409,-0.07412408759124087,-20.31,False,nonpositive_residual
state_residual,35_50,score_nw_lag_type,nw_only,6,4,0.4183333333333334,0.5,0.08166666666666661,0.08166666666666668,0.49000000000000005,False,too_few_rows
state_residual,35_50,score_nw_lag_type,nw_then_score,100,42,0.4300999999999999,0.47,0.03990000000000005,0.03990000000000002,3.990000000000002,True,pass
state_residual,35_50,score_nw_lag_type,same_snapshot,207,53,0.4278260869565217,0.40096618357487923,-0.026859903381642458,-0.026859903381642496,-5.559999999999997,False,nonpositive_residual
state_residual,35_50,score_nw_lag_type,score_only,819,63,0.4358608058608059,0.37606837606837606,-0.059792429792429824,-0.05979242979242978,-48.96999999999999,False,nonpositive_residual
state_residual,35_50,score_nw_lag_type,score_then_nw,9,6,0.4488888888888889,0.1111111111111111,-0.3377777777777778,-0.3377777777777778,-3.04,False,too_few_rows
state_residual,50_65,score_nw_lag_type,no_change,240,51,0.5853333333333333,0.5041666666666667,-0.08116666666666661,-0.08116666666666666,-19.48,False,nonpositive_residual
state_residual,50_65,score_nw_lag_type,nw_only,16,6,0.5800000000000001,0.5625,-0.01750000000000007,-0.01750000000000001,-0.28000000000000014,False,too_few_rows
state_residual,50_65,score_nw_lag_type,nw_then_score,111,33,0.5900900900900902,0.4954954954954955,-0.09459459459459468,-0.09459459459459463,-10.500000000000004,False,nonpositive_residual
state_residual,50_65,score_nw_lag_type,same_snapshot,172,46,0.584593023255814,0.5465116279069767,-0.038081395348837255,-0.038081395348837206,-6.55,False,nonpositive_residual
state_residual,50_65,score_nw_lag_type,score_only,749,55,0.584218958611482,0.5740987983978638,-0.010120160213618168,-0.010120160213618164,-7.580000000000005,False,nonpositive_residual
state_residual,50_65,score_nw_lag_type,score_then_nw,7,5,0.5642857142857143,0.5714285714285714,0.0071428571428571175,0.007142857142857133,0.04999999999999993,False,too_few_rows
state_residual,65_80,score_nw_lag_type,no_change,286,70,0.7342657342657343,0.6888111888111889,-0.045454545454545414,-0.04545454545454546,-13.000000000000002,False,nonpositive_residual
state_residual,65_80,score_nw_lag_type,nw_only,11,5,0.7345454545454545,0.7272727272727273,-0.0072727272727272085,-0.007272727272727259,-0.07999999999999985,False,too_few_rows
state_residual,65_80,score_nw_lag_type,nw_then_score,146,39,0.7369178082191781,0.5821917808219178,-0.15472602739726027,-0.15472602739726027,-22.59,False,nonpositive_residual
state_residual,65_80,score_nw_lag_type,same_snapshot,206,57,0.7385436893203883,0.6747572815533981,-0.06378640776699018,-0.06378640776699031,-13.140000000000002,False,nonpositive_residual
state_residual,65_80,score_nw_lag_type,score_only,853,80,0.7364712778429073,0.7502930832356389,0.01382180539273159,0.01382180539273154,11.790000000000003,True,pass
state_residual,65_80,score_nw_lag_type,score_then_nw,8,7,0.73125,0.5,-0.23124999999999996,-0.23124999999999998,-1.8499999999999999,False,too_few_rows
state_residual,80_100,score_nw_lag_type,no_change,392,74,0.8865306122448979,0.8622448979591837,-0.024285714285714244,-0.02428571428571428,-9.519999999999998,False,nonpositive_residual
state_residual,80_100,score_nw_lag_type,nw_only,13,7,0.8923076923076922,0.8461538461538461,-0.0461538461538461,-0.04615384615384615,-0.6,False,too_few_rows
state_residual,80_100,score_nw_lag_type,nw_then_score,236,53,0.8929237288135594,0.8686440677966102,-0.024279661016949228,-0.024279661016949148,-5.729999999999999,False,nonpositive_residual
state_residual,80_100,score_nw_lag_type,same_snapshot,359,76,0.8907465181058496,0.8607242339832869,-0.030022284122562692,-0.03002228412256267,-10.777999999999999,False,nonpositive_residual
state_residual,80_100,score_nw_lag_type,score_only,1189,83,0.886358284272498,0.8780487804878049,-0.008309503784693084,-0.008309503784693022,-9.880000000000003,False,nonpositive_residual
state_residual,80_100,score_nw_lag_type,score_then_nw,15,13,0.8833333333333332,0.9333333333333333,0.050000000000000155,0.05000000000000002,0.7500000000000002,False,too_few_rows
state_residual,00_20,transition_signal_type,confirmed_transition,692,75,0.12239884393063584,0.0968208092485549,-0.025578034682080933,-0.02557803468208093,-17.700000000000003,False,nonpositive_residual
state_residual,00_20,transition_signal_type,first_score_change,71,32,0.12999999999999995,0.09859154929577464,-0.03140845070422531,-0.03140845070422535,-2.23,False,nonpositive_residual
state_residual,00_20,transition_signal_type,no_transition,916,75,0.12382096069868995,0.07532751091703056,-0.048493449781659384,-0.04849344978165939,-44.42,False,nonpositive_residual
state_residual,00_20,transition_signal_type,nw_then_score_catchup,11,7,0.11636363636363639,0.0,-0.11636363636363639,-0.11636363636363639,-1.2800000000000002,False,too_few_rows
state_residual,00_20,transition_signal_type,post_transition_close,296,70,0.12256756756756756,0.11824324324324324,-0.004324324324324322,-0.0043243243243243235,-1.2799999999999998,False,nonpositive_residual
state_residual,00_20,transition_signal_type,score_nw_same_snapshot,27,16,0.10703703703703704,0.07407407407407407,-0.03296296296296297,-0.032962962962962965,-0.8900000000000001,False,nonpositive_residual
state_residual,00_20,transition_signal_type,score_then_nw_catchup,2,2,0.14,0.5,0.36,0.36000000000000004,0.7200000000000001,False,too_few_rows
state_residual,20_35,transition_signal_type,confirmed_transition,535,81,0.280411214953271,0.23738317757009345,-0.043028037383177536,-0.04302803738317758,-23.020000000000003,False,nonpositive_residual
state_residual,20_35,transition_signal_type,first_score_change,65,39,0.27384615384615385,0.09230769230769231,-0.18153846153846154,-0.18153846153846154,-11.8,False,nonpositive_residual
state_residual,20_35,transition_signal_type,no_transition,635,85,0.2785196850393701,0.2503937007874016,-0.028125984251968494,-0.028125984251968515,-17.860000000000007,False,nonpositive_residual
state_residual,20_35,transition_signal_type,nw_then_score_catchup,8,7,0.28,0.5,0.21999999999999997,0.22,1.76,False,too_few_rows
state_residual,20_35,transition_signal_type,post_transition_close,267,67,0.2835205992509363,0.3146067415730337,0.031086142322097388,0.031086142322097367,8.299999999999997,True,pass
state_residual,20_35,transition_signal_type,score_nw_same_snapshot,29,17,0.27482758620689657,0.1724137931034483,-0.10241379310344828,-0.10241379310344832,-2.9700000000000015,False,nonpositive_residual
state_residual,20_35,transition_signal_type,score_then_nw_catchup,3,2,0.26,0.6666666666666666,0.4066666666666666,0.4066666666666667,1.22,False,too_few_rows
state_residual,35_50,transition_signal_type,confirmed_transition,521,64,0.43042226487523993,0.3915547024952015,-0.03886756238003841,-0.03886756238003837,-20.24999999999999,False,nonpositive_residual
state_residual,35_50,transition_signal_type,first_nw_change,2,1,0.36,1.0,0.64,0.64,1.28,False,too_few_rows
state_residual,35_50,transition_signal_type,first_score_change,44,22,0.4470454545454546,0.5227272727272727,0.07568181818181813,0.0756818181818182,3.330000000000001,True,pass
state_residual,35_50,transition_signal_type,no_transition,583,65,0.4382847341337907,0.37564322469982847,-0.06264150943396224,-0.06264150943396225,-36.519999999999996,False,nonpositive_residual
state_residual,35_50,transition_signal_type,nw_then_score_catchup,5,5,0.42000000000000004,0.4,-0.020000000000000018,-0.019999999999999973,-0.09999999999999987,False,too_few_rows
state_residual,35_50,transition_signal_type,post_transition_close,242,55,0.4368181818181818,0.34710743801652894,-0.08971074380165289,-0.08971074380165288,-21.709999999999997,False,nonpositive_residual
state_residual,35_50,transition_signal_type,score_nw_same_snapshot,18,12,0.4127777777777778,0.4444444444444444,0.03166666666666662,0.031666666666666676,0.5700000000000002,False,too_few_rows
state_residual,50_65,transition_signal_type,confirmed_transition,499,55,0.5840480961923848,0.5691382765531062,-0.01490981963927862,-0.014909819639278553,-7.439999999999998,False,nonpositive_residual
state_residual,50_65,transition_signal_type,first_nw_change,8,5,0.5775,0.375,-0.2025,-0.2025,-1.62,False,too_few_rows
state_residual,50_65,transition_signal_type,first_score_change,57,30,0.5875438596491228,0.543859649122807,-0.04368421052631577,-0.043684210526315784,-2.4899999999999998,False,nonpositive_residual
state_residual,50_65,transition_signal_type,no_transition,495,55,0.5851111111111111,0.5515151515151515,-0.033595959595959624,-0.033595959595959596,-16.63,False,nonpositive_residual
state_residual,50_65,transition_signal_type,nw_then_score_catchup,7,6,0.5671428571428571,0.5714285714285714,0.004285714285714337,0.004285714285714274,0.029999999999999916,False,too_few_rows
state_residual,50_65,transition_signal_type,post_transition_close,210,49,0.587047619047619,0.5238095238095238,-0.0632380952380952,-0.06323809523809523,-13.28,False,nonpositive_residual
state_residual,50_65,transition_signal_type,score_nw_same_snapshot,14,7,0.5828571428571427,0.42857142857142855,-0.1542857142857142,-0.15428571428571428,-2.1599999999999997,False,too_few_rows
state_residual,50_65,transition_signal_type,score_then_nw_catchup,5,4,0.55,0.4,-0.15000000000000002,-0.15000000000000002,-0.7500000000000001,False,too_few_rows
state_residual,65_80,transition_signal_type,confirmed_transition,587,77,0.7357921635434411,0.7359454855195912,0.00015332197615003373,0.0001533219761499055,0.08999999999999453,True,pass
state_residual,65_80,transition_signal_type,first_nw_change,5,3,0.74,0.8,0.06000000000000005,0.06000000000000001,0.30000000000000004,False,too_few_rows
state_residual,65_80,transition_signal_type,first_score_change,57,32,0.7292982456140351,0.7543859649122807,0.025087719298245603,0.02508771929824561,1.4299999999999997,True,pass
state_residual,65_80,transition_signal_type,no_transition,609,79,0.7391789819376027,0.6912972085385879,-0.04788177339901478,-0.04788177339901478,-29.160000000000004,False,nonpositive_residual
state_residual,65_80,transition_signal_type,nw_then_score_catchup,1,1,0.75,0.0,-0.75,-0.75,-0.75,False,too_few_rows
state_residual,65_80,transition_signal_type,post_transition_close,246,65,0.7323170731707316,0.6910569105691057,-0.041260162601625905,-0.04126016260162601,-10.149999999999999,False,nonpositive_residual
state_residual,65_80,transition_signal_type,score_nw_same_snapshot,3,3,0.75,0.6666666666666666,-0.08333333333333337,-0.08333333333333333,-0.25,False,too_few_rows
state_residual,65_80,transition_signal_type,score_then_nw_catchup,2,2,0.69,0.5,-0.18999999999999995,-0.19,-0.38,False,too_few_rows
state_residual,80_100,transition_signal_type,confirmed_transition,870,86,0.888135632183908,0.8735632183908046,-0.014572413793103367,-0.014572413793103442,-12.677999999999994,False,nonpositive_residual
state_residual,80_100,transition_signal_type,first_nw_change,13,7,0.8923076923076922,0.8461538461538461,-0.0461538461538461,-0.04615384615384615,-0.6,False,too_few_rows
state_residual,80_100,transition_signal_type,first_score_change,97,43,0.8868041237113402,0.8350515463917526,-0.0517525773195876,-0.051752577319587635,-5.0200000000000005,False,nonpositive_residual
state_residual,80_100,transition_signal_type,no_transition,830,84,0.8876265060240964,0.8771084337349397,-0.010518072289156688,-0.010518072289156619,-8.729999999999993,False,nonpositive_residual
state_residual,80_100,transition_signal_type,nw_then_score_catchup,14,10,0.8871428571428572,0.9285714285714286,0.04142857142857137,0.041428571428571426,0.58,False,too_few_rows
state_residual,80_100,transition_signal_type,post_transition_close,344,69,0.8865697674418606,0.8546511627906976,-0.03191860465116292,-0.03191860465116279,-10.979999999999999,False,nonpositive_residual
state_residual,80_100,transition_signal_type,score_nw_same_snapshot,26,15,0.9076923076923078,0.9230769230769231,0.01538461538461533,0.015384615384615389,0.40000000000000013,True,pass
state_residual,80_100,transition_signal_type,score_then_nw_catchup,10,9,0.873,1.0,0.127,0.12700000000000006,1.2700000000000005,False,too_few_rows
state_residual,00_20,side_score_bucket,score_-2_2,501,65,0.1315369261477046,0.08982035928143713,-0.04171656686626747,-0.041716566866267464,-20.9,False,nonpositive_residual
state_residual,00_20,side_score_bucket,score_-6_-2,505,63,0.12396039603960396,0.04554455445544554,-0.07841584158415842,-0.07841584158415843,-39.60000000000001,False,nonpositive_residual
state_residual,00_20,side_score_bucket,score_2_6,79,17,0.13759493670886072,0.3670886075949367,0.229493670886076,0.2294936708860759,18.129999999999995,True,pass
state_residual,00_20,side_score_bucket,score_ge_6,40,8,0.137,0.35,0.21299999999999997,0.213,8.52,False,too_few_matches
state_residual,00_20,side_score_bucket,score_lt_-6,890,67,0.11598876404494382,0.07865168539325842,-0.037337078651685396,-0.03733707865168539,-33.23,False,nonpositive_residual
state_residual,20_35,side_score_bucket,score_-2_2,633,75,0.2800473933649289,0.28278041074249605,0.0027330173775671485,0.002733017377567123,1.7299999999999889,True,pass
state_residual,20_35,side_score_bucket,score_-6_-2,362,70,0.2792265193370166,0.10497237569060773,-0.17425414364640884,-0.17425414364640884,-63.080000000000005,False,nonpositive_residual
state_residual,20_35,side_score_bucket,score_2_6,118,22,0.27745762711864413,0.3389830508474576,0.06152542372881348,0.06152542372881356,7.26,True,pass
state_residual,20_35,side_score_bucket,score_ge_6,77,16,0.2831168831168831,0.7402597402597403,0.4571428571428572,0.4571428571428569,35.19999999999998,True,pass
state_residual,20_35,side_score_bucket,score_lt_-6,352,54,0.2797727272727273,0.20738636363636365,-0.07238636363636364,-0.07238636363636364,-25.48,False,nonpositive_residual
state_residual,35_50,side_score_bucket,score_-2_2,616,58,0.4382792207792208,0.44805194805194803,0.00977272727272721,0.009772727272727289,6.02000000000001,True,pass
state_residual,35_50,side_score_bucket,score_-6_-2,325,56,0.4283076923076923,0.2246153846153846,-0.20369230769230767,-0.20369230769230764,-66.19999999999999,False,nonpositive_residual
state_residual,35_50,side_score_bucket,score_2_6,182,32,0.4421428571428571,0.6428571428571429,0.2007142857142858,0.20071428571428573,36.53,True,pass
state_residual,35_50,side_score_bucket,score_ge_6,69,15,0.4372463768115942,0.36231884057971014,-0.07492753623188403,-0.07492753623188404,-5.169999999999999,False,nonpositive_residual
state_residual,35_50,side_score_bucket,score_lt_-6,223,28,0.42860986547085206,0.22869955156950672,-0.19991031390134534,-0.19991031390134528,-44.58,False,nonpositive_residual
state_residual,50_65,side_score_bucket,score_-2_2,588,54,0.580765306122449,0.5272108843537415,-0.053554421768707505,-0.05355442176870748,-31.489999999999995,False,nonpositive_residual
state_residual,50_65,side_score_bucket,score_-6_-2,222,37,0.5779279279279278,0.4099099099099099,-0.1680180180180179,-0.16801801801801805,-37.300000000000004,False,nonpositive_residual
state_residual,50_65,side_score_bucket,score_2_6,218,41,0.593073394495413,0.6559633027522935,0.06288990825688057,0.06288990825688073,13.71,True,pass
state_residual,50_65,side_score_bucket,score_ge_6,156,23,0.6009615384615384,0.6025641025641025,0.0016025641025640969,0.0016025641025641025,0.25,True,pass
state_residual,50_65,side_score_bucket,score_lt_-6,111,19,0.5811711711711711,0.6756756756756757,0.09450450450450454,0.0945045045045045,10.489999999999998,True,pass
state_residual,65_80,side_score_bucket,score_-2_2,609,77,0.7351231527093596,0.729064039408867,-0.00605911330049258,-0.006059113300492619,-3.690000000000005,False,nonpositive_residual
state_residual,65_80,side_score_bucket,score_-6_-2,226,35,0.7323008849557522,0.5796460176991151,-0.15265486725663713,-0.15265486725663716,-34.5,False,nonpositive_residual
state_residual,65_80,side_score_bucket,score_2_6,278,58,0.7368345323741007,0.8776978417266187,0.140863309352518,0.14086330935251798,39.16,True,pass
state_residual,65_80,side_score_bucket,score_ge_6,274,36,0.7417153284671533,0.7700729927007299,0.028357664233576663,0.028357664233576642,7.77,True,pass
state_residual,65_80,side_score_bucket,score_lt_-6,123,20,0.7366666666666667,0.34959349593495936,-0.38707317073170733,-0.38707317073170733,-47.61,False,nonpositive_residual
state_residual,80_100,side_score_bucket,score_-2_2,701,77,0.8846647646219687,0.8873038516405135,0.0026390870185447612,0.0026390870185449503,1.8500000000000103,True,pass
state_residual,80_100,side_score_bucket,score_-6_-2,153,28,0.8743137254901961,0.673202614379085,-0.20111111111111113,-0.20111111111111113,-30.770000000000003,False,nonpositive_residual
state_residual,80_100,side_score_bucket,score_2_6,501,67,0.8887425149700598,0.9580838323353293,0.0693413173652695,0.06934131736526945,34.739999999999995,True,pass
state_residual,80_100,side_score_bucket,score_ge_6,750,65,0.8946666666666667,0.8933333333333333,-0.0013333333333334085,-0.0013333333333333261,-0.9999999999999947,False,nonpositive_residual
state_residual,80_100,side_score_bucket,score_lt_-6,99,15,0.8745252525252526,0.46464646464646464,-0.40987878787878795,-0.40987878787878784,-40.577999999999996,False,nonpositive_residual
state_residual,00_20,structure_score_bucket,struct_-1_1,813,67,0.1253259532595326,0.08610086100861009,-0.03922509225092252,-0.03922509225092251,-31.89,False,nonpositive_residual
state_residual,00_20,structure_score_bucket,struct_-2_-1,205,44,0.1298048780487805,0.03414634146341464,-0.09565853658536586,-0.09565853658536586,-19.61,False,nonpositive_residual
state_residual,00_20,structure_score_bucket,struct_1_2,3,1,0.19333333333333336,0.0,-0.19333333333333336,-0.19333333333333336,-0.5800000000000001,False,too_few_rows
state_residual,00_20,structure_score_bucket,struct_ge_2,204,16,0.12867647058823528,0.18137254901960784,0.052696078431372556,0.05269607843137255,10.75,True,pass
state_residual,00_20,structure_score_bucket,struct_lt_-2,790,66,0.11740506329113924,0.08481012658227848,-0.03259493670886077,-0.03259493670886077,-25.750000000000007,False,nonpositive_residual
state_residual,20_35,structure_score_bucket,struct_-1_1,747,77,0.2818072289156626,0.250334672021419,-0.03147255689424361,-0.03147255689424367,-23.510000000000023,False,nonpositive_residual
state_residual,20_35,structure_score_bucket,struct_-2_-1,164,50,0.2766463414634146,0.1951219512195122,-0.0815243902439024,-0.08152439024390244,-13.370000000000001,False,nonpositive_residual
state_residual,20_35,structure_score_bucket,struct_1_2,15,5,0.2886666666666667,0.6666666666666666,0.37799999999999995,0.378,5.67,False,too_few_rows
state_residual,20_35,structure_score_bucket,struct_ge_2,161,18,0.28360248447204967,0.45962732919254656,0.1760248447204969,0.1760248447204969,28.34,True,pass
state_residual,20_35,structure_score_bucket,struct_lt_-2,455,53,0.27582417582417584,0.18461538461538463,-0.09120879120879122,-0.0912087912087912,-41.5,False,nonpositive_residual
state_residual,35_50,structure_score_bucket,struct_-1_1,804,63,0.43965174129353235,0.3880597014925373,-0.051592039800995027,-0.05159203980099499,-41.479999999999976,False,nonpositive_residual
state_residual,35_50,structure_score_bucket,struct_-2_-1,159,43,0.4311320754716981,0.4276729559748428,-0.0034591194968552896,-0.003459119496855317,-0.5499999999999954,False,nonpositive_residual
state_residual,35_50,structure_score_bucket,struct_1_2,18,8,0.4516666666666667,0.3333333333333333,-0.1183333333333334,-0.11833333333333333,-2.13,False,too_few_rows
state_residual,35_50,structure_score_bucket,struct_ge_2,172,21,0.43052325581395345,0.3546511627906977,-0.07587209302325576,-0.0758720930232558,-13.049999999999997,False,nonpositive_residual
state_residual,35_50,structure_score_bucket,struct_lt_-2,262,38,0.42438931297709925,0.36259541984732824,-0.061793893129771016,-0.06179389312977097,-16.189999999999994,False,nonpositive_residual
state_residual,50_65,structure_score_bucket,struct_-1_1,797,55,0.5823588456712673,0.5257214554579673,-0.05663739021329994,-0.056637390213299874,-45.14,False,nonpositive_residual
state_residual,50_65,structure_score_bucket,struct_-2_-1,91,26,0.5819780219780221,0.6593406593406593,0.07736263736263727,0.07736263736263735,7.039999999999999,True,pass
state_residual,50_65,structure_score_bucket,struct_1_2,53,17,0.5926415094339622,0.6415094339622641,0.04886792452830191,0.04886792452830187,2.589999999999999,True,pass
state_residual,50_65,structure_score_bucket,struct_ge_2,160,28,0.5973750000000001,0.53125,-0.0661250000000001,-0.06612499999999999,-10.579999999999998,False,nonpositive_residual
state_residual,50_65,structure_score_bucket,struct_lt_-2,194,28,0.5837628865979382,0.5927835051546392,0.009020618556700999,0.00902061855670105,1.7500000000000036,True,pass
state_residual,65_80,structure_score_bucket,struct_-1_1,857,78,0.7358576429404902,0.7094515752625438,-0.0264060676779464,-0.026406067677946336,-22.63000000000001,False,nonpositive_residual
state_residual,65_80,structure_score_bucket,struct_-2_-1,78,23,0.7206410256410256,0.5897435897435898,-0.13089743589743585,-0.1308974358974359,-10.21,False,nonpositive_residual
state_residual,65_80,structure_score_bucket,struct_1_2,124,25,0.7412096774193548,0.7661290322580645,0.024919354838709662,0.024919354838709662,3.089999999999998,True,pass
state_residual,65_80,structure_score_bucket,struct_ge_2,270,38,0.7412592592592592,0.825925925925926,0.08466666666666678,0.08466666666666668,22.860000000000003,True,pass
state_residual,65_80,structure_score_bucket,struct_lt_-2,181,24,0.7346961325966852,0.5580110497237569,-0.17668508287292828,-0.17668508287292817,-31.98,False,nonpositive_residual
state_residual,80_100,structure_score_bucket,struct_-1_1,1195,88,0.8874627615062761,0.8753138075313808,-0.012148953974895349,-0.012148953974895394,-14.517999999999995,False,nonpositive_residual
state_residual,80_100,structure_score_bucket,struct_-2_-1,36,13,0.8705555555555554,0.8611111111111112,-0.009444444444444255,-0.009444444444444422,-0.3399999999999992,False,nonpositive_residual
state_residual,80_100,structure_score_bucket,struct_1_2,238,32,0.8830252100840336,0.8613445378151261,-0.021680672268907464,-0.021680672268907564,-5.16,False,nonpositive_residual
state_residual,80_100,structure_score_bucket,struct_ge_2,531,53,0.8955178907721281,0.903954802259887,0.008436911487758936,0.008436911487758946,4.48,True,pass
state_residual,80_100,structure_score_bucket,struct_lt_-2,204,24,0.878529411764706,0.7794117647058824,-0.09911764705882364,-0.0991176470588235,-20.219999999999995,False,nonpositive_residual
state_residual,00_20,game_time_bucket,0600_0900,232,27,0.1364655172413793,0.04310344827586207,-0.09336206896551724,-0.09336206896551723,-21.659999999999997,False,nonpositive_residual
state_residual,00_20,game_time_bucket,0900_1200,323,45,0.1311455108359133,0.04953560371517028,-0.08160990712074302,-0.08160990712074304,-26.36,False,nonpositive_residual
state_residual,00_20,game_time_bucket,1200_1800,690,62,0.12431884057971014,0.08115942028985507,-0.043159420289855074,-0.043159420289855074,-29.78,False,nonpositive_residual
state_residual,00_20,game_time_bucket,1800_2400,533,49,0.11198874296435271,0.0825515947467167,-0.029437148217636017,-0.029437148217636013,-15.689999999999994,False,nonpositive_residual
state_residual,00_20,game_time_bucket,2400_plus,237,24,0.12063291139240505,0.2320675105485232,0.11143459915611816,0.11143459915611814,26.41,True,pass
state_residual,20_35,game_time_bucket,0000_0600,3,2,0.26999999999999996,0.3333333333333333,0.06333333333333335,0.06333333333333334,0.19000000000000003,False,too_few_rows
state_residual,20_35,game_time_bucket,0600_0900,254,42,0.2849212598425197,0.2283464566929134,-0.056574803149606306,-0.05657480314960632,-14.370000000000005,False,nonpositive_residual
state_residual,20_35,game_time_bucket,0900_1200,340,51,0.2749411764705882,0.19705882352941176,-0.07788235294117643,-0.07788235294117649,-26.480000000000004,False,nonpositive_residual
state_residual,20_35,game_time_bucket,1200_1800,534,60,0.2812546816479401,0.2696629213483146,-0.011591760299625498,-0.011591760299625498,-6.1900000000000155,False,nonpositive_residual
state_residual,20_35,game_time_bucket,1800_2400,262,41,0.277175572519084,0.2099236641221374,-0.06725190839694659,-0.06725190839694656,-17.619999999999997,False,nonpositive_residual
state_residual,20_35,game_time_bucket,2400_plus,149,18,0.28120805369127516,0.4161073825503356,0.13489932885906042,0.13489932885906036,20.099999999999994,True,pass
state_residual,35_50,game_time_bucket,0000_0600,2,1,0.365,1.0,0.635,0.635,1.27,False,too_few_rows
state_residual,35_50,game_time_bucket,0600_0900,352,45,0.43684659090909084,0.4630681818181818,0.026221590909090986,0.026221590909090927,9.230000000000006,True,pass
state_residual,35_50,game_time_bucket,0900_1200,278,43,0.43669064748201436,0.39928057553956836,-0.037410071942446,-0.03741007194244602,-10.399999999999993,False,nonpositive_residual
state_residual,35_50,game_time_bucket,1200_1800,401,42,0.43533665835411467,0.2593516209476309,-0.17598503740648375,-0.1759850374064838,-70.57000000000001,False,nonpositive_residual
state_residual,35_50,game_time_bucket,1800_2400,210,27,0.431952380952381,0.32857142857142857,-0.1033809523809524,-0.10338095238095237,-21.709999999999997,False,nonpositive_residual
state_residual,35_50,game_time_bucket,2400_plus,172,16,0.4315116279069767,0.5406976744186046,0.10918604651162789,0.10918604651162793,18.780000000000005,True,pass
state_residual,50_65,game_time_bucket,0000_0600,2,1,0.645,0.0,-0.645,-0.645,-1.29,False,too_few_rows
state_residual,50_65,game_time_bucket,0600_0900,323,37,0.578266253869969,0.48297213622291024,-0.09529411764705875,-0.09529411764705882,-30.78,False,nonpositive_residual
state_residual,50_65,game_time_bucket,0900_1200,254,40,0.581259842519685,0.5787401574803149,-0.0025196850393700565,-0.002519685039370081,-0.6400000000000006,False,nonpositive_residual
state_residual,50_65,game_time_bucket,1200_1800,311,36,0.5909646302250804,0.6945337620578779,0.10356913183279748,0.10356913183279744,32.21,True,pass
state_residual,50_65,game_time_bucket,1800_2400,185,21,0.5887567567567569,0.5837837837837838,-0.004972972972973055,-0.004972972972972953,-0.9199999999999964,False,nonpositive_residual
state_residual,50_65,game_time_bucket,2400_plus,220,13,0.5860000000000001,0.39090909090909093,-0.19509090909090915,-0.1950909090909091,-42.92,False,nonpositive_residual
state_residual,65_80,game_time_bucket,0000_0600,1,1,0.67,0.0,-0.67,-0.67,-0.67,False,too_few_rows
state_residual,65_80,game_time_bucket,0600_0900,252,44,0.7298412698412698,0.7658730158730159,0.03603174603174608,0.03603174603174603,9.08,True,pass
state_residual,65_80,game_time_bucket,0900_1200,307,51,0.7376872964169381,0.7719869706840391,0.03429967426710101,0.03429967426710097,10.529999999999998,True,pass
state_residual,65_80,game_time_bucket,1200_1800,505,54,0.7407722772277228,0.693069306930693,-0.047702970297029745,-0.04770297029702971,-24.090000000000003,False,nonpositive_residual
state_residual,65_80,game_time_bucket,1800_2400,266,41,0.7378947368421054,0.7030075187969925,-0.034887218045112856,-0.03488721804511279,-9.280000000000003,False,nonpositive_residual
state_residual,65_80,game_time_bucket,2400_plus,179,19,0.7287150837988827,0.5921787709497207,-0.136536312849162,-0.136536312849162,-24.44,False,nonpositive_residual
state_residual,80_100,game_time_bucket,0000_0600,2,1,0.84,1.0,0.16000000000000003,0.16000000000000003,0.32000000000000006,False,too_few_rows
state_residual,80_100,game_time_bucket,0600_0900,278,37,0.8871942446043165,0.9028776978417267,0.01568345323741016,0.01568345323741007,4.359999999999999,True,pass
state_residual,80_100,game_time_bucket,0900_1200,374,48,0.8810962566844919,0.9224598930481284,0.04136363636363649,0.04136363636363637,15.470000000000002,True,pass
state_residual,80_100,game_time_bucket,1200_1800,731,66,0.887236662106703,0.8782489740082079,-0.00898768809849515,-0.00898768809849521,-6.5699999999999985,False,nonpositive_residual
state_residual,80_100,game_time_bucket,1800_2400,523,51,0.8963824091778202,0.8527724665391969,-0.04360994263862328,-0.04360994263862332,-22.807999999999996,False,nonpositive_residual
state_residual,80_100,game_time_bucket,2400_plus,296,28,0.8835472972972972,0.793918918918919,-0.08962837837837823,-0.08962837837837838,-26.53,False,nonpositive_residual
