stage,fold,model_name,model_version,training_cutoff_match_time,match_id,market_id,label_market_bucket,token_id,side,received_at_utc,received_at_ns,game_time_sec,league_id,settled_win,fair_prob,calibrated_prob,book_best_ask,book_best_bid,book_spread,book_ask_size,edge,entry_threshold,paper_entry_price,pnl_per_share,pnl_slip_1c,pnl_slip_2c,side_nw,side_score,side_tower,side_rax,side_mom_100,reason
walk_forward,1,logistic_fair_state,state_only_v1,2026-05-30T17:20:46.978+00:00,8831927547,2394733,MAP_WINNER,73399839580912218378591774206488912368784281538796408187880296103078741849035,YES,2026-05-30T17:47:48.538+00:00,1780163261017282882,696.0,19101,False,0.5766362093823234,0.8135048231511254,0.5,0.49,0.010000000000000009,40.0,0.3135048231511254,0.08,0.5,-0.5,-0.51,-0.52,1233.0,-0.0,,,-523.0,model_edge
walk_forward,1,logistic_fair_state,state_only_v1,2026-05-30T17:20:46.978+00:00,8831978733,2393079,MATCH_WINNER_GAME3_PROXY,85976490874755739801853190251121345219802188737386173543415080458865642846612,NO,2026-05-30T18:54:53.118+00:00,1780167293118403433,3077.0,19699,False,0.97058247035918,1.0,0.9,0.01,0.89,100.0,0.09999999999999998,0.08,0.9,-0.9,-0.91,-0.92,6492.0,33.0,2.0,2.0,4598.0,model_edge
walk_forward,1,logistic_fair_state,state_only_v1,2026-05-30T17:20:46.978+00:00,8832812084,2397039,MAP_WINNER,20380816283251066496170105697689866054031098252950157222666741674972023662615,NO,2026-05-31T10:30:10.415+00:00,1780223410415617063,607.0,19699,True,0.5574271973352974,0.8135048231511254,0.52,0.5,0.020000000000000018,63.71,0.29350482315112536,0.08,0.52,0.48,0.47,0.45999999999999996,777.0,-1.0,0.0,0.0,1397.0,model_edge
walk_forward,1,logistic_fair_state,state_only_v1,2026-05-30T17:20:46.978+00:00,8832889451,2397040,MAP_WINNER,33229960324716277893740450236892923297252292653424257252005499954737105666530,NO,2026-05-31T11:39:57.969+00:00,1780227596147398621,848.0,19699,True,0.6674212702380332,0.8778625954198473,0.79,0.78,0.010000000000000009,55.0,0.08786259541984731,0.08,0.79,0.20999999999999996,0.19999999999999996,0.18999999999999995,4738.0,-0.0,,,185.0,model_edge
walk_forward,1,logistic_fair_state,state_only_v1,2026-05-30T17:20:46.978+00:00,8833327581,2397078,MATCH_WINNER_GAME3_PROXY,5200208202788358977024120864716360533041240709693704380236601684681552181297,NO,2026-05-31T16:33:02.140+00:00,1780245182140178951,616.0,19699,False,0.45182042110523957,0.1875,0.1,0.05,0.05,80.0,0.0875,0.08,0.1,-0.1,-0.11,-0.12000000000000001,-3349.0,-4.0,-1.0,0.0,-263.0,model_edge
walk_forward,1,logistic_fair_state,state_only_v1,2026-05-30T17:20:46.978+00:00,8833492242,2403734,MAP_WINNER,96268178216805690770704912445355569211511950448338971380774460570621156733450,NO,2026-05-31T18:29:24.522+00:00,1780252158843316651,649.0,19699,True,0.5355364235459341,0.8135048231511254,0.64,0.59,0.050000000000000044,160.94,0.17350482315112536,0.08,0.64,0.36,0.35,0.33999999999999997,699.0,-0.0,,,265.0,model_edge
walk_forward,1,logistic_residual_trade,market_aware_residual_v1,2026-05-30T17:20:46.978+00:00,8831927547,2394733,MAP_WINNER,73399839580912218378591774206488912368784281538796408187880296103078741849035,YES,2026-05-30T17:47:48.538+00:00,1780163261017282882,696.0,19101,False,0.8135048231511254,0.8135048231511254,0.5,0.49,0.010000000000000009,40.0,0.165771284984907,0.5,0.5,-0.5,-0.51,-0.52,1233.0,-0.0,,,-523.0,residual_trade_prob
walk_forward,1,logistic_residual_trade,market_aware_residual_v1,2026-05-30T17:20:46.978+00:00,8831978733,2393079,MATCH_WINNER_GAME3_PROXY,85976490874755739801853190251121345219802188737386173543415080458865642846612,NO,2026-05-30T18:44:35.003+00:00,1780166667312740567,2387.0,19699,False,0.9083969465648855,0.9083969465648855,0.9,0.01,0.89,100.0,0.22404299726310284,0.5,0.9,-0.9,-0.91,-0.92,2947.0,25.0,,,,residual_trade_prob
walk_forward,1,logistic_residual_trade,market_aware_residual_v1,2026-05-30T17:20:46.978+00:00,8832812084,2397039,MAP_WINNER,20380816283251066496170105697689866054031098252950157222666741674972023662615,NO,2026-05-31T10:30:10.415+00:00,1780223410415617063,607.0,19699,True,0.8135048231511254,0.8135048231511254,0.52,0.5,0.020000000000000018,63.71,0.18381801478012005,0.5,0.52,0.48,0.47,0.45999999999999996,777.0,-1.0,0.0,0.0,1397.0,residual_trade_prob
walk_forward,1,logistic_residual_trade,market_aware_residual_v1,2026-05-30T17:20:46.978+00:00,8832889451,2397040,MAP_WINNER,33229960324716277893740450236892923297252292653424257252005499954737105666530,NO,2026-05-31T11:36:12.389+00:00,1780227372389298065,652.0,19699,True,0.8135048231511254,0.8135048231511254,0.82,0.81,0.009999999999999898,80.5,0.40967405698603165,0.5,0.82,0.18000000000000005,0.17000000000000004,0.16000000000000003,2662.0,1.0,-1.0,-0.0,-0.0,residual_trade_prob
walk_forward,1,logistic_residual_trade,market_aware_residual_v1,2026-05-30T17:20:46.978+00:00,8833327581,2397078,MATCH_WINNER_GAME3_PROXY,9279220942329873080020431905138428350207518574998764380805875325055112367121,YES,2026-05-31T16:33:02.140+00:00,1780245182140178951,616.0,19699,True,0.8778625954198473,0.8778625954198473,0.95,0.9,0.04999999999999993,300.0,0.45671397978227946,0.5,0.95,0.050000000000000044,0.040000000000000036,0.030000000000000027,3349.0,4.0,1.0,-0.0,263.0,residual_trade_prob
walk_forward,1,logistic_residual_trade,market_aware_residual_v1,2026-05-30T17:20:46.978+00:00,8833492242,2403734,MAP_WINNER,96268178216805690770704912445355569211511950448338971380774460570621156733450,NO,2026-05-31T18:28:57.217+00:00,1780252137217068924,649.0,19699,True,0.5138121546961325,0.5138121546961325,0.64,0.59,0.050000000000000044,160.94,0.15044415127610689,0.5,0.64,0.36,0.35,0.33999999999999997,699.0,1.0,-0.0,-0.0,265.0,residual_trade_prob
walk_forward,1,hgb_fair_state,state_only_v1,2026-05-30T17:20:46.978+00:00,8831927547,2394733,MAP_WINNER,73399839580912218378591774206488912368784281538796408187880296103078741849035,YES,2026-05-30T17:47:48.538+00:00,1780163261017282882,696.0,19101,False,0.6560171891886114,0.7445887445887446,0.5,0.49,0.010000000000000009,40.0,0.24458874458874458,0.02,0.5,-0.5,-0.51,-0.52,1233.0,-0.0,,,-523.0,model_edge
walk_forward,1,hgb_fair_state,state_only_v1,2026-05-30T17:20:46.978+00:00,8832812084,2397039,MAP_WINNER,20380816283251066496170105697689866054031098252950157222666741674972023662615,NO,2026-05-31T10:30:10.415+00:00,1780223410415617063,607.0,19699,True,0.7184525768160928,0.8070175438596491,0.52,0.5,0.020000000000000018,63.71,0.28701754385964906,0.02,0.52,0.48,0.47,0.45999999999999996,777.0,-1.0,0.0,0.0,1397.0,model_edge
walk_forward,1,hgb_fair_state,state_only_v1,2026-05-30T17:20:46.978+00:00,8832889451,2397040,MAP_WINNER,18668237301412372796198305592692740219807944817349786566421892732335552830280,YES,2026-05-31T11:36:12.389+00:00,1780227372389298065,652.0,19699,False,0.44253074365848377,0.45714285714285713,0.19,0.18,0.010000000000000009,64.84,0.2671428571428571,0.02,0.19,-0.19,-0.2,-0.21,-2662.0,-1.0,1.0,0.0,0.0,model_edge
walk_forward,1,hgb_fair_state,state_only_v1,2026-05-30T17:20:46.978+00:00,8833327581,2397078,MATCH_WINNER_GAME3_PROXY,5200208202788358977024120864716360533041240709693704380236601684681552181297,NO,2026-05-31T16:33:04.444+00:00,1780245182140178951,616.0,19699,False,0.223370792556082,0.19245283018867926,0.1,0.05,0.05,80.0,0.09245283018867925,0.02,0.1,-0.1,-0.11,-0.12000000000000001,-3349.0,0.0,,,-263.0,model_edge
walk_forward,1,hgb_fair_state,state_only_v1,2026-05-30T17:20:46.978+00:00,8833492242,2403734,MAP_WINNER,114748806522711322642193195763963446077941944027455536777969652840894397312076,YES,2026-05-31T18:28:57.217+00:00,1780252137217068924,649.0,19699,False,0.4401816715126201,0.45714285714285713,0.41,0.36,0.04999999999999999,30.0,0.04714285714285715,0.02,0.41,-0.41,-0.42,-0.43,-699.0,-1.0,0.0,0.0,-265.0,model_edge
walk_forward,1,rf_fair_state,state_only_v1,2026-05-30T17:20:46.978+00:00,8831927547,2394733,MAP_WINNER,73399839580912218378591774206488912368784281538796408187880296103078741849035,YES,2026-05-30T17:47:48.538+00:00,1780163261017282882,696.0,19101,False,0.6323247341829353,0.6637931034482759,0.5,0.49,0.010000000000000009,40.0,0.1637931034482759,0.05,0.5,-0.5,-0.51,-0.52,1233.0,-0.0,,,-523.0,model_edge
walk_forward,1,rf_fair_state,state_only_v1,2026-05-30T17:20:46.978+00:00,8832812084,2397039,MAP_WINNER,20380816283251066496170105697689866054031098252950157222666741674972023662615,NO,2026-05-31T10:30:10.415+00:00,1780223410415617063,607.0,19699,True,0.6063451654210535,0.6341463414634146,0.52,0.5,0.020000000000000018,63.71,0.11414634146341462,0.05,0.52,0.48,0.47,0.45999999999999996,777.0,-1.0,0.0,0.0,1397.0,model_edge
walk_forward,1,rf_fair_state,state_only_v1,2026-05-30T17:20:46.978+00:00,8832889451,2397040,MAP_WINNER,18668237301412372796198305592692740219807944817349786566421892732335552830280,YES,2026-05-31T11:36:12.389+00:00,1780227372389298065,652.0,19699,False,0.43442881674992384,0.4567901234567901,0.19,0.18,0.010000000000000009,64.84,0.2667901234567901,0.05,0.19,-0.19,-0.2,-0.21,-2662.0,-1.0,1.0,0.0,0.0,model_edge
walk_forward,1,rf_fair_state,state_only_v1,2026-05-30T17:20:46.978+00:00,8833327581,2397078,MATCH_WINNER_GAME3_PROXY,5200208202788358977024120864716360533041240709693704380236601684681552181297,NO,2026-05-31T16:33:04.444+00:00,1780245182140178951,616.0,19699,False,0.32074044627131887,0.2,0.1,0.05,0.05,80.0,0.1,0.05,0.1,-0.1,-0.11,-0.12000000000000001,-3349.0,0.0,,,-263.0,model_edge
walk_forward,1,rf_fair_state,state_only_v1,2026-05-30T17:20:46.978+00:00,8833492242,2403734,MAP_WINNER,114748806522711322642193195763963446077941944027455536777969652840894397312076,YES,2026-05-31T18:29:24.522+00:00,1780252158843316651,649.0,19699,False,0.4817233256228945,0.4661016949152542,0.41,0.36,0.04999999999999999,30.0,0.05610169491525424,0.05,0.41,-0.41,-0.42,-0.43,-699.0,0.0,,,-265.0,model_edge
walk_forward,2,logistic_fair_state,state_only_v1,2026-05-31T18:17:58.840+00:00,8833570075,2403735,MAP_WINNER,20719658468646505747960187366144888625541951491756965930069965060686382109921,YES,2026-05-31T19:24:11.646+00:00,1780255447340310438,621.0,19699,False,0.462148022739063,0.2608695652173913,0.16,0.13,0.03,459.66,0.1008695652173913,0.05,0.16,-0.16,-0.17,-0.18,-1241.0,0.0,,,-913.0,model_edge
walk_forward,2,logistic_fair_state,state_only_v1,2026-05-31T18:17:58.840+00:00,8833592202,2402172,MATCH_WINNER_GAME3_PROXY,98746949176922541120421769123425630499782836764605355371450399035028157453760,NO,2026-05-31T20:02:23.230+00:00,1780257739542264019,1645.0,19699,False,0.4599959816935983,0.2608695652173913,0.11,0.1,0.009999999999999995,168.0,0.1508695652173913,0.05,0.11,-0.11,-0.12,-0.13,-1749.0,-5.0,,,19.0,model_edge
walk_forward,2,logistic_fair_state,state_only_v1,2026-05-31T18:17:58.840+00:00,8834190489,0x45dd6e6ee0f2a90ff77ec1f3b2050393b9b18dfaa9afffa1867cce87a51bad6f,MAP_WINNER,90852271027558820565623177699387951731775764190495449774012380453202250668619,NO,2026-06-01T11:02:17.065+00:00,1780311730921569565,1969.0,19699,True,0.984109824620326,1.0,0.91,0.84,0.07000000000000006,110.0,0.08999999999999997,0.05,0.91,0.08999999999999997,0.07999999999999996,0.06999999999999995,27784.0,25.0,,,,model_edge
walk_forward,2,logistic_fair_state,state_only_v1,2026-05-31T18:17:58.840+00:00,8834230023,0x212000bffae05b954a6b51f449cf966cc280051a41323ae2a37a01cf1cd477b2,MAP_WINNER,73568959922747558805079044463449051623199298803530124387342134654406072201915,NO,2026-06-01T11:20:09.107+00:00,1780312808012473660,1100.0,19699,True,0.7227105365304737,0.8884848484848484,0.69,0.57,0.12,103.26,0.1984848484848485,0.05,0.69,0.31000000000000005,0.30000000000000004,0.29000000000000004,4014.0,2.0,,,4197.0,model_edge
walk_forward,2,logistic_fair_state,state_only_v1,2026-05-31T18:17:58.840+00:00,8834230023,2408470,MATCH_WINNER_GAME3_PROXY,9176751882301236225673094124537622527985496208470188479749452449693522539092,NO,2026-06-01T11:27:20.862+00:00,1780313239827991480,1487.0,19699,True,0.7579779511621259,0.8884848484848484,0.73,0.63,0.09999999999999998,140.0,0.15848484848484845,0.05,0.73,0.27,0.26,0.25,5656.0,9.0,,,-1196.0,model_edge
walk_forward,2,logistic_fair_state,state_only_v1,2026-05-31T18:17:58.840+00:00,8834573464,2409782,MAP_WINNER,72693239856871954714595278976608039753374042992143644250227147095808238284383,NO,2026-06-01T15:55:39.100+00:00,1780329339100506737,1578.0,19699,True,0.5266164752821958,0.7051792828685259,0.47,0.41,0.06,27.85,0.23517928286852596,0.05,0.47,0.53,0.52,0.51,642.0,0.0,1.0,0.0,,model_edge
walk_forward,2,logistic_residual_trade,market_aware_residual_v1,2026-05-31T18:17:58.840+00:00,8833570075,2403735,MAP_WINNER,25667474292063857915976764828662710806639570660558642389225358765034645844219,NO,2026-05-31T19:23:26.856+00:00,1780255406856114039,600.0,19699,True,0.7051792828685259,0.7051792828685259,0.84,0.77,0.06999999999999995,90.88,0.17973178596939265,0.7,0.84,0.16000000000000003,0.15000000000000002,0.14,473.0,1.0,-0.0,-0.0,145.0,residual_trade_prob
walk_forward,2,logistic_residual_trade,market_aware_residual_v1,2026-05-31T18:17:58.840+00:00,8833592202,2402172,MATCH_WINNER_GAME3_PROXY,114655223880042292530586991143879011204329343540263886183589029287526746660271,YES,2026-05-31T19:48:45.155+00:00,1780256925155616908,857.0,19699,True,0.8884848484848484,0.8884848484848484,0.95,0.92,0.029999999999999916,72.63,0.25852550306970623,0.7,0.95,0.050000000000000044,0.040000000000000036,0.030000000000000027,3676.0,7.0,3.0,-0.0,2511.0,residual_trade_prob
walk_forward,2,logistic_residual_trade,market_aware_residual_v1,2026-05-31T18:17:58.840+00:00,8834190489,0x45dd6e6ee0f2a90ff77ec1f3b2050393b9b18dfaa9afffa1867cce87a51bad6f,MAP_WINNER,90852271027558820565623177699387951731775764190495449774012380453202250668619,NO,2026-06-01T11:02:17.065+00:00,1780311730921569565,1969.0,19699,True,1.0,1.0,0.91,0.84,0.07000000000000006,110.0,0.2499583179235737,0.7,0.91,0.08999999999999997,0.07999999999999996,0.06999999999999995,27784.0,25.0,,,,residual_trade_prob
walk_forward,2,logistic_residual_trade,market_aware_residual_v1,2026-05-31T18:17:58.840+00:00,8834230023,0x212000bffae05b954a6b51f449cf966cc280051a41323ae2a37a01cf1cd477b2,MAP_WINNER,73568959922747558805079044463449051623199298803530124387342134654406072201915,NO,2026-06-01T11:20:09.107+00:00,1780312808012473660,1100.0,19699,True,0.8884848484848484,0.8884848484848484,0.69,0.57,0.12,103.26,0.10728744495190234,0.7,0.69,0.31000000000000005,0.30000000000000004,0.29000000000000004,4014.0,2.0,,,4197.0,residual_trade_prob
walk_forward,2,logistic_residual_trade,market_aware_residual_v1,2026-05-31T18:17:58.840+00:00,8834230023,2408470,MATCH_WINNER_GAME3_PROXY,9176751882301236225673094124537622527985496208470188479749452449693522539092,NO,2026-06-01T11:27:20.862+00:00,1780313239827991480,1487.0,19699,True,0.8884848484848484,0.8884848484848484,0.73,0.63,0.09999999999999998,140.0,0.1579145627701708,0.7,0.73,0.27,0.26,0.25,5656.0,9.0,,,-1196.0,residual_trade_prob
walk_forward,2,hgb_fair_state,state_only_v1,2026-05-31T18:17:58.840+00:00,8833570075,2403735,MAP_WINNER,20719658468646505747960187366144888625541951491756965930069965060686382109921,YES,2026-05-31T19:28:10.627+00:00,1780255686438539651,881.0,19699,False,0.46130964369386673,0.3333333333333333,0.16,0.12,0.04000000000000001,461.25,0.1733333333333333,0.12,0.16,-0.16,-0.17,-0.18,-1977.0,0.0,,,-280.0,model_edge
walk_forward,2,hgb_fair_state,state_only_v1,2026-05-31T18:17:58.840+00:00,8833592202,2402172,MATCH_WINNER_GAME3_PROXY,98746949176922541120421769123425630499782836764605355371450399035028157453760,NO,2026-05-31T20:12:00.692+00:00,1780258315850014295,2245.0,19699,False,0.4000667590227967,0.22821576763485477,0.07,0.06,0.010000000000000009,843.28,0.15821576763485476,0.12,0.07,-0.07,-0.08,-0.09000000000000001,-3649.0,-2.0,,,3321.0,model_edge
walk_forward,2,hgb_fair_state,state_only_v1,2026-05-31T18:17:58.840+00:00,8834230023,0x212000bffae05b954a6b51f449cf966cc280051a41323ae2a37a01cf1cd477b2,MAP_WINNER,73568959922747558805079044463449051623199298803530124387342134654406072201915,NO,2026-06-01T11:20:09.107+00:00,1780312808012473660,1100.0,19699,True,0.8812773167875654,0.9624060150375939,0.69,0.57,0.12,103.26,0.272406015037594,0.12,0.69,0.31000000000000005,0.30000000000000004,0.29000000000000004,4014.0,2.0,,,4197.0,model_edge
walk_forward,2,hgb_fair_state,state_only_v1,2026-05-31T18:17:58.840+00:00,8834230023,2408470,MATCH_WINNER_GAME3_PROXY,9176751882301236225673094124537622527985496208470188479749452449693522539092,NO,2026-06-01T11:27:20.862+00:00,1780313239827991480,1487.0,19699,True,0.8618611628361865,0.9624060150375939,0.73,0.63,0.09999999999999998,140.0,0.23240601503759395,0.12,0.73,0.27,0.26,0.25,5656.0,9.0,,,-1196.0,model_edge
walk_forward,2,rf_fair_state,state_only_v1,2026-05-31T18:17:58.840+00:00,8833570075,2403735,MAP_WINNER,20719658468646505747960187366144888625541951491756965930069965060686382109921,YES,2026-05-31T19:24:11.646+00:00,1780255447340310438,621.0,19699,False,0.2852520261016296,0.24342105263157895,0.16,0.13,0.03,459.66,0.08342105263157895,0.02,0.16,-0.16,-0.17,-0.18,-1241.0,0.0,,,-913.0,model_edge
walk_forward,2,rf_fair_state,state_only_v1,2026-05-31T18:17:58.840+00:00,8833592202,2402172,MATCH_WINNER_GAME3_PROXY,114655223880042292530586991143879011204329343540263886183589029287526746660271,YES,2026-05-31T19:48:45.155+00:00,1780256925155616908,857.0,19699,True,0.8976181102216481,1.0,0.95,0.92,0.029999999999999916,72.63,0.050000000000000044,0.02,0.95,0.050000000000000044,0.040000000000000036,0.030000000000000027,3676.0,7.0,3.0,-0.0,2511.0,model_edge
walk_forward,2,rf_fair_state,state_only_v1,2026-05-31T18:17:58.840+00:00,8834230023,0x212000bffae05b954a6b51f449cf966cc280051a41323ae2a37a01cf1cd477b2,MAP_WINNER,73568959922747558805079044463449051623199298803530124387342134654406072201915,NO,2026-06-01T11:20:09.107+00:00,1780312808012473660,1100.0,19699,True,0.8402443794207162,0.9659090909090909,0.69,0.57,0.12,103.26,0.275909090909091,0.02,0.69,0.31000000000000005,0.30000000000000004,0.29000000000000004,4014.0,2.0,,,4197.0,model_edge
walk_forward,2,rf_fair_state,state_only_v1,2026-05-31T18:17:58.840+00:00,8834230023,2408470,MATCH_WINNER_GAME3_PROXY,9176751882301236225673094124537622527985496208470188479749452449693522539092,NO,2026-06-01T11:27:20.862+00:00,1780313239827991480,1487.0,19699,True,0.8240821104864161,0.9659090909090909,0.73,0.63,0.09999999999999998,140.0,0.23590909090909096,0.02,0.73,0.27,0.26,0.25,5656.0,9.0,,,-1196.0,model_edge
walk_forward,2,rf_fair_state,state_only_v1,2026-05-31T18:17:58.840+00:00,8834244800,2402194,MAP_WINNER,59807414032603264088720560731790929159549435986005858362006116874643697023669,YES,2026-06-01T11:26:07.447+00:00,1780313167447929205,626.0,19699,False,0.253778481957323,0.13157894736842105,0.1,0.03,0.07,294.76,0.03157894736842104,0.02,0.1,-0.1,-0.11,-0.12000000000000001,-4012.0,-2.0,0.0,0.0,-1399.0,model_edge
walk_forward,2,rf_fair_state,state_only_v1,2026-05-31T18:17:58.840+00:00,8834244800,2402192,MATCH_WINNER_GAME3_PROXY,82406454957514414328807848866614919031814419473870703115492634362571178841613,YES,2026-06-01T11:36:40.516+00:00,1780313799064182385,1249.0,19699,False,0.34844518043251016,0.24342105263157895,0.05,0.001,0.049,542.03,0.19342105263157894,0.02,0.05,-0.05,-0.060000000000000005,-0.07,-8976.0,-2.0,,,146.0,model_edge
walk_forward,2,all_structure_nw8000_struct1_ask75,hand_rule_benchmark_v1,2026-05-31T18:17:58.840+00:00,8833592202,2402172,MATCH_WINNER_GAME3_PROXY,98746949176922541120421769123425630499782836764605355371450399035028157453760,NO,2026-05-31T20:20:33.951+00:00,1780258833951410061,2666.0,19699,False,0.9409752505574233,0.9409752505574233,0.15,0.06,0.09,150.0,0.7909752505574232,,0.15,-0.15,-0.16,-0.16999999999999998,11809.0,1.0,2.0,2.0,198.0,hand_rule
walk_forward,2,all_structure_nw8000_struct1_ask75,hand_rule_benchmark_v1,2026-05-31T18:17:58.840+00:00,8834230023,0x212000bffae05b954a6b51f449cf966cc280051a41323ae2a37a01cf1cd477b2,MAP_WINNER,73568959922747558805079044463449051623199298803530124387342134654406072201915,NO,2026-06-01T11:28:24.030+00:00,1780313304030128541,1616.0,19699,True,0.938892133903714,0.938892133903714,0.59,0.54,0.04999999999999993,43.78,0.348892133903714,,0.59,0.41000000000000003,0.4,0.39,11619.0,10.0,1.0,-0.0,5963.0,hand_rule
walk_forward,2,all_nw_mom_discount_nw8000_mom5000_ask90,hand_rule_benchmark_v1,2026-05-31T18:17:58.840+00:00,8833570075,2403735,MAP_WINNER,25667474292063857915976764828662710806639570660558642389225358765034645844219,NO,2026-05-31T19:46:03.219+00:00,1780256763219262932,1852.0,19699,True,0.9025337569144258,0.9025337569144258,0.89,0.78,0.10999999999999999,95.0,0.01253375691442582,,0.89,0.10999999999999999,0.09999999999999998,0.08999999999999997,11754.0,6.0,-0.0,-0.0,5587.0,hand_rule
walk_forward,2,all_nw_mom_discount_nw8000_mom5000_ask90,hand_rule_benchmark_v1,2026-05-31T18:17:58.840+00:00,8833592202,2402172,MATCH_WINNER_GAME3_PROXY,98746949176922541120421769123425630499782836764605355371450399035028157453760,NO,2026-05-31T20:16:53.243+00:00,1780258613243057348,2450.0,19699,False,0.8764961519257366,0.8764961519257366,0.16,0.07,0.09,309.97,0.7164961519257366,,0.16,-0.16,-0.17,-0.18,11221.0,3.0,0.0,0.0,6219.0,hand_rule
walk_forward,2,all_nw_mom_discount_nw8000_mom5000_ask90,hand_rule_benchmark_v1,2026-05-31T18:17:58.840+00:00,8834230023,0x212000bffae05b954a6b51f449cf966cc280051a41323ae2a37a01cf1cd477b2,MAP_WINNER,73568959922747558805079044463449051623199298803530124387342134654406072201915,NO,2026-06-01T11:28:24.030+00:00,1780313304030128541,1616.0,19699,True,0.938892133903714,0.938892133903714,0.59,0.54,0.04999999999999993,43.78,0.348892133903714,,0.59,0.41000000000000003,0.4,0.39,11619.0,10.0,1.0,-0.0,5963.0,hand_rule
walk_forward,2,all_nw_mom_discount_nw8000_mom5000_ask90,hand_rule_benchmark_v1,2026-05-31T18:17:58.840+00:00,8834230023,2408470,MATCH_WINNER_GAME3_PROXY,9176751882301236225673094124537622527985496208470188479749452449693522539092,NO,2026-06-01T11:28:25.003+00:00,1780313304030128541,1616.0,19699,True,0.9277117854330044,0.9277117854330044,0.78,0.68,0.09999999999999998,140.0,0.14771178543300434,,0.78,0.21999999999999997,0.20999999999999996,0.19999999999999996,11619.0,10.0,,,5963.0,hand_rule
walk_forward,2,all_scoreboard_lag_nw3000_score6_edge10,hand_rule_benchmark_v1,2026-05-31T18:17:58.840+00:00,8833592202,2402172,MATCH_WINNER_GAME3_PROXY,98746949176922541120421769123425630499782836764605355371450399035028157453760,NO,2026-05-31T20:13:50.286+00:00,1780258430286820145,2359.0,19699,False,0.7008523556690835,0.7008523556690835,0.07,0.03,0.04000000000000001,698.28,0.6308523556690835,,0.07,-0.07,-0.08,-0.09000000000000001,3069.0,1.0,0.0,0.0,6718.0,hand_rule
walk_forward,2,all_scoreboard_lag_nw3000_score6_edge10,hand_rule_benchmark_v1,2026-05-31T18:17:58.840+00:00,8834230023,0x212000bffae05b954a6b51f449cf966cc280051a41323ae2a37a01cf1cd477b2,MAP_WINNER,73568959922747558805079044463449051623199298803530124387342134654406072201915,NO,2026-06-01T11:21:14.533+00:00,1780312873442262231,1160.0,19699,True,0.7054028025763103,0.7054028025763103,0.6,0.56,0.039999999999999925,142.31,0.1054028025763103,,0.6,0.4,0.39,0.38,3901.0,2.0,,,4084.0,hand_rule
walk_forward,3,logistic_fair_state,state_only_v1,2026-06-01T15:55:39.100+00:00,8834932746,2408568,MATCH_WINNER_GAME3_PROXY,24412862650133155423877330165183387250914564584142034660417945554029594403595,YES,2026-06-01T20:43:39.749+00:00,1780346613144665082,841.0,19699,True,0.6174894889314075,0.9011627906976745,0.44,0.42,0.020000000000000018,58.0,0.46116279069767446,0.2,0.44,0.56,0.55,0.54,2246.0,-0.0,,,893.0,model_edge
walk_forward,3,logistic_fair_state,state_only_v1,2026-06-01T15:55:39.100+00:00,8835373075,2409870,MAP_WINNER,35484196193984468641577299550429729870744087234242693264406736956995997377111,YES,2026-06-02T09:32:48.271+00:00,1780392768271224710,1084.0,19699,True,0.6255924992867367,0.9011627906976745,0.67,0.66,0.010000000000000009,328.48,0.23116279069767443,0.2,0.67,0.32999999999999996,0.31999999999999995,0.30999999999999994,3035.0,3.0,1.0,0.0,-1136.0,model_edge
walk_forward,3,logistic_fair_state,state_only_v1,2026-06-01T15:55:39.100+00:00,8835490699,2405848,MAP_WINNER,89990399081422979912251762838637752211521554435941372191632067508129490799928,YES,2026-06-02T11:44:55.215+00:00,1780400691558314501,1193.0,19699,False,0.6190009006564946,0.9011627906976745,0.69,0.66,0.029999999999999916,217.32,0.21116279069767452,0.2,0.69,-0.69,-0.7,-0.71,4128.0,-1.0,,,-2540.0,model_edge
walk_forward,3,logistic_fair_state,state_only_v1,2026-06-01T15:55:39.100+00:00,8835609186,2413332,MAP_WINNER,53683990638887175240431274294325116060674956243066203595271632148948778897749,YES,2026-06-02T13:32:17.577+00:00,1780407132000475131,1121.0,19699,False,0.5391730507854192,0.7147335423197493,0.48,0.47,0.010000000000000009,151.5,0.2347335423197493,0.2,0.48,-0.48,-0.49,-0.5,1204.0,2.0,,,-508.0,model_edge
walk_forward,3,logistic_residual_trade,market_aware_residual_v1,2026-06-01T15:55:39.100+00:00,8834583981,2409612,MAP_WINNER,100271741188258382599668333909420553796587745283304634072633098638504135947641,YES,2026-06-01T15:55:39.100+00:00,1780329339100506737,1050.0,19699,True,0.7147335423197493,0.7147335423197493,0.75,0.69,0.06000000000000005,311.72,0.3415377399888786,0.5,0.75,0.25,0.24,0.22999999999999998,1340.0,11.0,2.0,-0.0,,residual_trade_prob
walk_forward,3,logistic_residual_trade,market_aware_residual_v1,2026-06-01T15:55:39.100+00:00,8834867207,2408530,MATCH_WINNER_GAME3_PROXY,25589263129852056816885694215405449925880726569415090867738960108461766115101,YES,2026-06-01T20:02:42.205+00:00,1780344162205607310,1999.0,19699,True,0.9011627906976745,0.9011627906976745,0.908,0.78,0.128,645.69,0.4384088647168408,0.5,0.908,0.09199999999999997,0.08199999999999996,0.07199999999999995,5290.0,-6.0,-0.0,-0.0,,residual_trade_prob
walk_forward,3,logistic_residual_trade,market_aware_residual_v1,2026-06-01T15:55:39.100+00:00,8834889454,2412248,MAP_WINNER,47999043102038729360170988159438753282695407418917449040917185144110457284816,YES,2026-06-01T20:02:33.806+00:00,1780344152131415197,788.0,19699,True,0.9011627906976745,0.9011627906976745,0.92,0.76,0.16000000000000003,178.63,0.4416966203396351,0.5,0.92,0.07999999999999996,0.06999999999999995,0.05999999999999994,5565.0,0.0,,,,residual_trade_prob
walk_forward,3,logistic_residual_trade,market_aware_residual_v1,2026-06-01T15:55:39.100+00:00,8834932746,2408568,MATCH_WINNER_GAME3_PROXY,24412862650133155423877330165183387250914564584142034660417945554029594403595,YES,2026-06-01T20:39:16.142+00:00,1780346356142749227,619.0,19699,True,0.7147335423197493,0.7147335423197493,0.55,0.46,0.09000000000000002,598.35,0.11844400245981002,0.5,0.55,0.44999999999999996,0.43999999999999995,0.42999999999999994,1756.0,2.0,-0.0,-0.0,216.0,residual_trade_prob
walk_forward,3,logistic_residual_trade,market_aware_residual_v1,2026-06-01T15:55:39.100+00:00,8835373075,2409870,MAP_WINNER,35484196193984468641577299550429729870744087234242693264406736956995997377111,YES,2026-06-02T09:24:57.887+00:00,1780392297887403373,612.0,19699,True,0.9011627906976745,0.9011627906976745,0.86,0.8,0.05999999999999994,37.0,0.43823159871971096,0.5,0.86,0.14,0.13,0.12,4465.0,2.0,1.0,0.0,1797.0,residual_trade_prob
walk_forward,3,logistic_residual_trade,market_aware_residual_v1,2026-06-01T15:55:39.100+00:00,8835428935,2405847,MAP_WINNER,111540059511131085794624808697915155367504999866340254279372165030449554839321,YES,2026-06-02T10:28:28.625+00:00,1780396105415269850,607.0,19699,True,0.828125,0.828125,0.75,0.71,0.040000000000000036,489.76,0.38181200773687785,0.5,0.75,0.25,0.24,0.22999999999999998,1830.0,0.0,,,-313.0,residual_trade_prob
walk_forward,3,logistic_residual_trade,market_aware_residual_v1,2026-06-01T15:55:39.100+00:00,8835490699,2405848,MAP_WINNER,89990399081422979912251762838637752211521554435941372191632067508129490799928,YES,2026-06-02T11:40:58.998+00:00,1780400458998703335,983.0,19699,False,0.9011627906976745,0.9011627906976745,0.93,0.89,0.040000000000000036,176.83,0.45805965343753285,0.5,0.93,-0.93,-0.9400000000000001,-0.9500000000000001,6112.0,9.0,-0.0,-0.0,,residual_trade_prob
walk_forward,3,logistic_residual_trade,market_aware_residual_v1,2026-06-01T15:55:39.100+00:00,8835609186,2413332,MAP_WINNER,53683990638887175240431274294325116060674956243066203595271632148948778897749,YES,2026-06-02T13:24:23.299+00:00,1780406658296150636,656.0,19699,False,0.9011627906976745,0.9011627906976745,0.78,0.75,0.030000000000000027,41.52,0.4155692323179988,0.5,0.78,-0.78,-0.79,-0.8,3421.0,-0.0,,,475.0,residual_trade_prob
walk_forward,3,hgb_fair_state,state_only_v1,2026-06-01T15:55:39.100+00:00,8834583981,2409612,MAP_WINNER,100271741188258382599668333909420553796587745283304634072633098638504135947641,YES,2026-06-01T15:57:49.017+00:00,1780329469017813022,1211.0,19699,True,0.5857332026300882,0.7365853658536585,0.64,0.53,0.10999999999999999,105.0,0.09658536585365851,0.05,0.64,0.36,0.35,0.33999999999999997,89.0,10.0,2.0,-0.0,-932.0,model_edge
walk_forward,3,hgb_fair_state,state_only_v1,2026-06-01T15:55:39.100+00:00,8834867207,2408530,MATCH_WINNER_GAME3_PROXY,4225389915429370227521165283686790031017265955185303758815077578875039201905,NO,2026-06-01T20:02:42.205+00:00,1780344162205607310,1999.0,19699,False,0.523242766725811,0.7365853658536585,0.22,0.092,0.128,422.5,0.5165853658536586,0.05,0.22,-0.22,-0.23,-0.24,-5290.0,6.0,0.0,0.0,,model_edge
walk_forward,3,hgb_fair_state,state_only_v1,2026-06-01T15:55:39.100+00:00,8834932746,2408568,MATCH_WINNER_GAME3_PROXY,23068775678827315313484373139384940409456343639350283741689036054207504947592,NO,2026-06-01T20:40:18.825+00:00,1780346418825970613,679.0,19699,False,0.6105577429434464,0.7365853658536585,0.5,0.46,0.03999999999999998,50.0,0.23658536585365852,0.05,0.5,-0.5,-0.51,-0.52,-1353.0,-2.0,1.0,0.0,619.0,model_edge
walk_forward,3,hgb_fair_state,state_only_v1,2026-06-01T15:55:39.100+00:00,8835373075,2409870,MAP_WINNER,35484196193984468641577299550429729870744087234242693264406736956995997377111,YES,2026-06-02T09:24:57.887+00:00,1780392297887403373,612.0,19699,True,0.8915002082735412,0.9213483146067416,0.86,0.8,0.05999999999999994,37.0,0.061348314606741616,0.05,0.86,0.14,0.13,0.12,4465.0,2.0,1.0,0.0,1797.0,model_edge
walk_forward,3,hgb_fair_state,state_only_v1,2026-06-01T15:55:39.100+00:00,8835428935,2405847,MAP_WINNER,111540059511131085794624808697915155367504999866340254279372165030449554839321,YES,2026-06-02T10:28:43.876+00:00,1780396123876614008,651.0,19699,True,0.8636974876197848,0.9036144578313253,0.75,0.71,0.040000000000000036,489.76,0.15361445783132532,0.05,0.75,0.25,0.24,0.22999999999999998,3391.0,2.0,2.0,0.0,1397.0,model_edge
walk_forward,3,hgb_fair_state,state_only_v1,2026-06-01T15:55:39.100+00:00,8835490699,2405848,MAP_WINNER,89990399081422979912251762838637752211521554435941372191632067508129490799928,YES,2026-06-02T11:44:32.311+00:00,1780400672311409422,1193.0,19699,False,0.7721467989122011,0.9036144578313253,0.67,0.66,0.010000000000000009,822.02,0.23361445783132528,0.05,0.67,-0.67,-0.68,-0.6900000000000001,4128.0,8.0,-1.0,-0.0,-2540.0,model_edge
walk_forward,3,hgb_fair_state,state_only_v1,2026-06-01T15:55:39.100+00:00,8835609186,2413332,MAP_WINNER,53683990638887175240431274294325116060674956243066203595271632148948778897749,YES,2026-06-02T13:24:23.299+00:00,1780406658296150636,656.0,19699,False,0.8460619152424516,0.9036144578313253,0.78,0.75,0.030000000000000027,41.52,0.1236144578313253,0.05,0.78,-0.78,-0.79,-0.8,3421.0,-0.0,,,475.0,model_edge
walk_forward,3,rf_fair_state,state_only_v1,2026-06-01T15:55:39.100+00:00,8834867207,2408530,MATCH_WINNER_GAME3_PROXY,4225389915429370227521165283686790031017265955185303758815077578875039201905,NO,2026-06-01T20:05:50.200+00:00,1780344350200172012,2189.0,19699,False,0.39322529948516405,0.37383177570093457,0.15,0.101,0.04899999999999999,105.99,0.22383177570093457,0.12,0.15,-0.15,-0.16,-0.16999999999999998,-5977.0,3.0,0.0,0.0,-687.0,model_edge
walk_forward,3,rf_fair_state,state_only_v1,2026-06-01T15:55:39.100+00:00,8834932746,2408568,MATCH_WINNER_GAME3_PROXY,23068775678827315313484373139384940409456343639350283741689036054207504947592,NO,2026-06-01T20:40:18.825+00:00,1780346418825970613,679.0,19699,False,0.5915219882192794,0.6518771331058021,0.5,0.46,0.03999999999999998,50.0,0.1518771331058021,0.12,0.5,-0.5,-0.51,-0.52,-1353.0,-2.0,1.0,0.0,619.0,model_edge
walk_forward,3,rf_fair_state,state_only_v1,2026-06-01T15:55:39.100+00:00,8835373075,2409870,MAP_WINNER,108063080275390428123478669716787907171251678188426947843890419618267946800176,NO,2026-06-02T09:30:56.871+00:00,1780392655398015418,963.0,19699,False,0.4787004135532879,0.45422535211267606,0.1,0.06,0.04000000000000001,392.0,0.35422535211267603,0.12,0.1,-0.1,-0.11,-0.12000000000000001,-4171.0,-0.0,,,1076.0,model_edge
walk_forward,3,rf_fair_state,state_only_v1,2026-06-01T15:55:39.100+00:00,8835428935,2405847,MAP_WINNER,111540059511131085794624808697915155367504999866340254279372165030449554839321,YES,2026-06-02T10:28:43.876+00:00,1780396123876614008,651.0,19699,True,0.8172592433703693,0.8905325443786982,0.75,0.71,0.040000000000000036,489.76,0.14053254437869822,0.12,0.75,0.25,0.24,0.22999999999999998,3391.0,2.0,2.0,0.0,1397.0,model_edge
walk_forward,3,rf_fair_state,state_only_v1,2026-06-01T15:55:39.100+00:00,8835490699,2405848,MAP_WINNER,49093431826274846652260160497778237948072874538613510252258464442929610952337,NO,2026-06-02T11:44:21.466+00:00,1780400657669239085,1173.0,19699,True,0.501604441675749,0.6048780487804878,0.33,0.32,0.010000000000000009,35.0,0.27487804878048777,0.12,0.33,0.6699999999999999,0.6599999999999999,0.6499999999999999,-4207.0,1.0,,,2461.0,model_edge
walk_forward,3,rf_fair_state,state_only_v1,2026-06-01T15:55:39.100+00:00,8835609186,2413332,MAP_WINNER,28496707626064407832408019204735596947727086508398565961288096733057772750345,NO,2026-06-02T13:26:34.268+00:00,1780406794268846133,821.0,19699,True,0.5765759716812193,0.6518771331058021,0.49,0.35,0.14,376.63,0.1618771331058021,0.12,0.49,0.51,0.5,0.49,-1449.0,-3.0,1.0,0.0,155.0,model_edge
walk_forward,3,all_structure_nw8000_struct1_ask75,hand_rule_benchmark_v1,2026-06-01T15:55:39.100+00:00,8834932746,2408568,MATCH_WINNER_GAME3_PROXY,24412862650133155423877330165183387250914564584142034660417945554029594403595,YES,2026-06-01T21:14:53.923+00:00,1780348493923846617,2661.0,19699,True,0.9509014067380924,0.9509014067380924,0.47,0.39,0.07999999999999996,47.22,0.48090140673809245,,0.47,0.53,0.52,0.51,9671.0,9.0,1.0,1.0,7551.0,hand_rule
walk_forward,3,all_nw_mom_discount_nw8000_mom5000_ask90,hand_rule_benchmark_v1,2026-06-01T15:55:39.100+00:00,8834932746,2408568,MATCH_WINNER_GAME3_PROXY,24412862650133155423877330165183387250914564584142034660417945554029594403595,YES,2026-06-01T21:14:55.374+00:00,1780348493923846617,2661.0,19699,True,0.8645468883221514,0.8645468883221514,0.47,0.39,0.07999999999999996,47.22,0.39454688832215146,,0.47,0.53,0.52,0.51,9671.0,3.0,,,7551.0,hand_rule
walk_forward,3,all_nw_mom_discount_nw8000_mom5000_ask90,hand_rule_benchmark_v1,2026-06-01T15:55:39.100+00:00,8835609186,2413332,MAP_WINNER,28496707626064407832408019204735596947727086508398565961288096733057772750345,NO,2026-06-02T13:55:43.622+00:00,1780408543622742923,2575.0,19699,True,0.9484697068662583,0.9484697068662583,0.8,0.7,0.10000000000000009,25.0,0.14846970686625827,,0.8,0.19999999999999996,0.18999999999999995,0.17999999999999994,13487.0,-4.0,2.0,2.0,5904.0,hand_rule
walk_forward,3,all_scoreboard_lag_nw3000_score6_edge10,hand_rule_benchmark_v1,2026-06-01T15:55:39.100+00:00,8834932746,2408568,MATCH_WINNER_GAME3_PROXY,24412862650133155423877330165183387250914564584142034660417945554029594403595,YES,2026-06-01T21:01:06.948+00:00,1780347662565319599,1830.0,19699,True,0.6910771717822899,0.6910771717822899,0.46,0.35,0.11000000000000004,50.11,0.23107717178228987,,0.46,0.54,0.53,0.52,3524.0,1.0,,,5038.0,hand_rule
walk_forward,3,all_scoreboard_lag_nw3000_score6_edge10,hand_rule_benchmark_v1,2026-06-01T15:55:39.100+00:00,8835609186,2413332,MAP_WINNER,53683990638887175240431274294325116060674956243066203595271632148948778897749,YES,2026-06-02T13:35:52.232+00:00,1780407352232287339,1381.0,19699,False,0.649563254490794,0.649563254490794,0.46,0.41,0.050000000000000044,250.0,0.18956325449079398,,0.46,-0.46,-0.47000000000000003,-0.48000000000000004,3183.0,4.0,-1.0,-0.0,1586.0,hand_rule
walk_forward,4,logistic_fair_state,state_only_v1,2026-06-02T13:14:29.781+00:00,8835703860,2418846,MAP_WINNER,17618457267561785478214440533396725706183485502961914724264468635855695507234,YES,2026-06-02T14:32:52.954+00:00,1780410772954473311,622.0,19699,True,0.5774630829835945,0.6,0.23,0.21,0.020000000000000018,258.95,0.37,0.2,0.23,0.77,0.76,0.75,958.0,-1.0,0.0,0.0,1438.0,model_edge
walk_forward,4,logistic_fair_state,state_only_v1,2026-06-02T13:14:29.781+00:00,8835818773,2418847,MAP_WINNER,35900902559024922471917386811313956595281501007053991408074292289455753462480,YES,2026-06-02T16:03:27.211+00:00,1780416203259528757,1614.0,19699,False,0.12557079725169792,0.25301204819277107,0.05,0.04,0.010000000000000002,542.58,0.20301204819277108,0.2,0.05,-0.05,-0.060000000000000005,-0.07,-9681.0,2.0,,,-7773.0,model_edge
walk_forward,4,logistic_fair_state,state_only_v1,2026-06-02T13:14:29.781+00:00,8835960490,2415401,MAP_WINNER,65038660769080542103198508384168915419009593572683728255059964663486488187687,YES,2026-06-02T17:50:09.568+00:00,1780422604938956864,719.0,19699,False,0.608839161006743,0.7014925373134326,0.4,0.36,0.040000000000000036,490.64,0.3014925373134326,0.2,0.4,-0.4,-0.41000000000000003,-0.42000000000000004,1825.0,-0.0,,,1715.0,model_edge
walk_forward,4,logistic_fair_state,state_only_v1,2026-06-02T13:14:29.781+00:00,8836220468,2421065,MAP_WINNER,11890221863359007113038788370829670221302070279843627648012024624103840790289,NO,2026-06-02T21:54:52.825+00:00,1780437284375915807,1645.0,19699,False,0.6344596470832365,0.7014925373134326,0.42,0.41,0.010000000000000009,78.5,0.28149253731343266,0.2,0.42,-0.42,-0.43,-0.44,2182.0,-4.0,,,-0.0,model_edge
walk_forward,4,logistic_fair_state,state_only_v1,2026-06-02T13:14:29.781+00:00,8836292316,2421066,MAP_WINNER,6948701558838754277711235911705966902913219486961271847399249764071032713872,NO,2026-06-02T23:23:45.355+00:00,1780442619253550215,1183.0,19699,False,0.6032462987036749,0.7014925373134326,0.49,0.23,0.26,95.34,0.21149253731343265,0.2,0.49,-0.49,-0.5,-0.51,1875.0,-0.0,,,1568.0,model_edge
walk_forward,4,logistic_residual_trade,market_aware_residual_v1,2026-06-02T13:14:29.781+00:00,8835703860,2418846,MAP_WINNER,70006078921193478742262650627144016931327855979694960342597714896749438692484,NO,2026-06-02T14:35:44.295+00:00,1780410939361826155,786.0,19699,False,0.4849397590361444,0.4849397590361444,0.72,0.58,0.14,223.76,0.08974066163809558,0.6,0.72,-0.72,-0.73,-0.74,-830.0,-0.0,,,128.0,residual_trade_prob
walk_forward,4,logistic_residual_trade,market_aware_residual_v1,2026-06-02T13:14:29.781+00:00,8835728100,2413333,MAP_WINNER,85418671865745118410438673307340651618363167913484130901293830356810591582646,NO,2026-06-02T14:41:39.503+00:00,1780411299503271315,680.0,19699,True,0.7014925373134326,0.7014925373134326,0.69,0.61,0.07999999999999996,40.0,0.19089015424646105,0.6,0.69,0.31000000000000005,0.30000000000000004,0.29000000000000004,2251.0,2.0,0.0,0.0,100.0,residual_trade_prob
walk_forward,4,logistic_residual_trade,market_aware_residual_v1,2026-06-02T13:14:29.781+00:00,8835818773,2418847,MAP_WINNER,35900902559024922471917386811313956595281501007053991408074292289455753462480,YES,2026-06-02T15:45:16.606+00:00,1780415112751198960,679.0,19699,False,0.5441176470588235,0.5441176470588235,0.61,0.52,0.08999999999999997,202.52,0.010940810267951573,0.6,0.61,-0.61,-0.62,-0.63,725.0,-0.0,,,1120.0,residual_trade_prob
walk_forward,4,logistic_residual_trade,market_aware_residual_v1,2026-06-02T13:14:29.781+00:00,8835960490,2415401,MAP_WINNER,82873467589619563257458534487134913155952010393918971804046712109422264135886,NO,2026-06-02T17:52:05.978+00:00,1780422725978714849,858.0,19699,True,0.4849397590361444,0.4849397590361444,0.65,0.6,0.050000000000000044,280.64,0.054998390002019226,0.6,0.65,0.35,0.33999999999999997,0.32999999999999996,-1697.0,-5.0,-2.0,0.0,128.0,residual_trade_prob
walk_forward,4,logistic_residual_trade,market_aware_residual_v1,2026-06-02T13:14:29.781+00:00,8836057732,2415402,MAP_WINNER,3512301374568572758640134347002595729684629594291544178174133924363621596848,NO,2026-06-02T18:56:57.337+00:00,1780426617337603698,849.0,19699,True,0.7417654808959157,0.7417654808959157,0.91,0.84,0.07000000000000006,89.19,0.3386162786745416,0.6,0.91,0.08999999999999997,0.07999999999999996,0.06999999999999995,8711.0,5.0,3.0,-0.0,1860.0,residual_trade_prob
walk_forward,4,logistic_residual_trade,market_aware_residual_v1,2026-06-02T13:14:29.781+00:00,8836220468,2421065,MAP_WINNER,86817252619307129186621538397898790689967898227951338413191746071399269232891,YES,2026-06-02T21:40:47.047+00:00,1780436447047949177,1012.0,19699,True,0.7417654808959157,0.7417654808959157,0.84,0.81,0.029999999999999916,32.5,0.31878406540451976,0.6,0.84,0.16000000000000003,0.15000000000000002,0.14,4848.0,5.0,1.0,0.0,1260.0,residual_trade_prob
walk_forward,4,logistic_residual_trade,market_aware_residual_v1,2026-06-02T13:14:29.781+00:00,8836292316,2421066,MAP_WINNER,78084897834980448140212743130718651332114490509096714449398081855509776036614,YES,2026-06-02T23:18:44.923+00:00,1780442319122760742,923.0,19699,True,0.4946004319654426,0.4946004319654426,0.65,0.64,0.010000000000000009,192.4,0.08423252302091466,0.6,0.65,0.35,0.33999999999999997,0.32999999999999996,681.0,1.0,,,-603.0,residual_trade_prob
walk_forward,4,logistic_residual_trade,market_aware_residual_v1,2026-06-02T13:14:29.781+00:00,8836359315,2423480,MAP_WINNER,38714419748814178997035567737674428334952263563970474668897699711220230956470,YES,2026-06-03T01:35:54.239+00:00,1780450554239464408,727.0,19699,True,0.4849397590361444,0.4849397590361444,0.67,0.5,0.17000000000000004,300.0,0.0060727659693843306,0.6,0.67,0.32999999999999996,0.31999999999999995,0.30999999999999994,-421.0,-2.0,-0.0,-0.0,1399.0,residual_trade_prob
walk_forward,4,hgb_fair_state,state_only_v1,2026-06-02T13:14:29.781+00:00,8835703860,2418846,MAP_WINNER,17618457267561785478214440533396725706183485502961914724264468635855695507234,YES,2026-06-02T14:32:52.954+00:00,1780410772954473311,622.0,19699,True,0.7543190232737365,0.5925925925925926,0.23,0.21,0.020000000000000018,258.95,0.3625925925925926,0.2,0.23,0.77,0.76,0.75,958.0,-1.0,0.0,0.0,1438.0,model_edge
walk_forward,4,hgb_fair_state,state_only_v1,2026-06-02T13:14:29.781+00:00,8836220468,2421065,MAP_WINNER,86817252619307129186621538397898790689967898227951338413191746071399269232891,YES,2026-06-02T22:11:39.572+00:00,1780438299572056730,2566.0,19699,True,0.7670786707311851,0.5925925925925926,0.39,0.06,0.33,70.25,0.20259259259259255,0.2,0.39,0.61,0.6,0.59,-3605.0,3.0,-2.0,-2.0,8268.0,model_edge
walk_forward,4,hgb_fair_state,state_only_v1,2026-06-02T13:14:29.781+00:00,8836292316,2421066,MAP_WINNER,6948701558838754277711235911705966902913219486961271847399249764071032713872,NO,2026-06-02T23:24:14.027+00:00,1780442654027443213,1268.0,19699,False,0.8325571967945091,0.7495029821073559,0.51,0.33,0.18,160.14,0.23950298210735588,0.2,0.51,-0.51,-0.52,-0.53,3369.0,2.0,1.0,-0.0,1494.0,model_edge
walk_forward,4,rf_fair_state,state_only_v1,2026-06-02T13:14:29.781+00:00,8835703860,2418846,MAP_WINNER,17618457267561785478214440533396725706183485502961914724264468635855695507234,YES,2026-06-02T14:32:52.954+00:00,1780410772954473311,622.0,19699,True,0.6557184174670277,0.5223880597014925,0.23,0.21,0.020000000000000018,258.95,0.2923880597014925,0.15,0.23,0.77,0.76,0.75,958.0,-1.0,0.0,0.0,1438.0,model_edge
walk_forward,4,rf_fair_state,state_only_v1,2026-06-02T13:14:29.781+00:00,8835728100,2413333,MAP_WINNER,85418671865745118410438673307340651618363167913484130901293830356810591582646,NO,2026-06-02T14:46:39.436+00:00,1780411599436837294,982.0,19699,True,0.949166182877993,1.0,0.81,0.77,0.040000000000000036,87.57,0.18999999999999995,0.15,0.81,0.18999999999999995,0.17999999999999994,0.16999999999999993,7426.0,6.0,2.0,0.0,2339.0,model_edge
walk_forward,4,rf_fair_state,state_only_v1,2026-06-02T13:14:29.781+00:00,8835818773,2418847,MAP_WINNER,4472085227296879302134073105072251273927768370790178851378502225560994521807,NO,2026-06-02T16:00:33.387+00:00,1780416033387964347,1613.0,19699,True,0.8768496818211939,0.8115942028985508,0.59,0.56,0.029999999999999916,122.39,0.2215942028985508,0.15,0.59,0.41000000000000003,0.4,0.39,4787.0,1.0,0.0,0.0,2879.0,model_edge
walk_forward,4,rf_fair_state,state_only_v1,2026-06-02T13:14:29.781+00:00,8836220468,2421065,MAP_WINNER,86817252619307129186621538397898790689967898227951338413191746071399269232891,YES,2026-06-02T22:10:35.488+00:00,1780438235488795173,2505.0,19699,True,0.3715879546806668,0.5223880597014925,0.36,0.03,0.32999999999999996,240.75,0.1623880597014925,0.15,0.36,0.64,0.63,0.62,-6957.0,3.0,-2.0,-2.0,-2579.0,model_edge
walk_forward,4,rf_fair_state,state_only_v1,2026-06-02T13:14:29.781+00:00,8836292316,2421066,MAP_WINNER,6948701558838754277711235911705966902913219486961271847399249764071032713872,NO,2026-06-02T23:18:44.923+00:00,1780442319122760742,923.0,19699,False,0.4506387687632839,0.5223880597014925,0.36,0.35,0.010000000000000009,427.5,0.1623880597014925,0.15,0.36,-0.36,-0.37,-0.38,-681.0,-1.0,,,603.0,model_edge
walk_forward,4,all_structure_nw8000_struct1_ask75,hand_rule_benchmark_v1,2026-06-02T13:14:29.781+00:00,8835728100,2413333,MAP_WINNER,85418671865745118410438673307340651618363167913484130901293830356810591582646,NO,2026-06-02T14:48:51.742+00:00,1780411731742969251,1118.0,19699,True,0.8963694044783491,0.8963694044783491,0.7,0.68,0.019999999999999907,995.0,0.19636940447834916,,0.7,0.30000000000000004,0.29000000000000004,0.28,8906.0,8.0,2.0,0.0,1480.0,hand_rule
walk_forward,4,all_structure_nw8000_struct1_ask75,hand_rule_benchmark_v1,2026-06-02T13:14:29.781+00:00,8836220468,2421065,MAP_WINNER,11890221863359007113038788370829670221302070279843627648012024624103840790289,NO,2026-06-02T22:09:50.093+00:00,1780438190093442891,2446.0,19699,False,0.9582920169357823,0.9582920169357823,0.66,0.63,0.030000000000000027,41.5,0.2982920169357822,,0.66,-0.66,-0.67,-0.68,11873.0,-0.0,2.0,2.0,7495.0,hand_rule
walk_forward,4,all_nw_mom_discount_nw8000_mom5000_ask90,hand_rule_benchmark_v1,2026-06-02T13:14:29.781+00:00,8835818773,2418847,MAP_WINNER,4472085227296879302134073105072251273927768370790178851378502225560994521807,NO,2026-06-02T16:02:27.745+00:00,1780416147745873525,1614.0,19699,True,0.8837159723335596,0.8837159723335596,0.76,0.75,0.010000000000000009,66.2,0.12371597233355958,,0.76,0.24,0.22999999999999998,0.21999999999999997,9681.0,5.0,0.0,0.0,7773.0,hand_rule
walk_forward,4,all_nw_mom_discount_nw8000_mom5000_ask90,hand_rule_benchmark_v1,2026-06-02T13:14:29.781+00:00,8836220468,2421065,MAP_WINNER,11890221863359007113038788370829670221302070279843627648012024624103840790289,NO,2026-06-02T22:09:50.093+00:00,1780438190093442891,2446.0,19699,False,0.9582920169357823,0.9582920169357823,0.66,0.63,0.030000000000000027,41.5,0.2982920169357822,,0.66,-0.66,-0.67,-0.68,11873.0,-0.0,2.0,2.0,7495.0,hand_rule
walk_forward,4,all_nw_mom_discount_nw8000_mom5000_ask90,hand_rule_benchmark_v1,2026-06-02T13:14:29.781+00:00,8836292316,2421066,MAP_WINNER,78084897834980448140212743130718651332114490509096714449398081855509776036614,YES,2026-06-02T23:36:33.485+00:00,1780443393485271546,2009.0,19699,True,0.8019425767216141,0.8019425767216141,0.86,0.84,0.020000000000000018,136.5,-0.05805742327838592,,0.86,0.14,0.13,0.12,9935.0,0.0,-1.0,0.0,6438.0,hand_rule
walk_forward,4,all_scoreboard_lag_nw3000_score6_edge10,hand_rule_benchmark_v1,2026-06-02T13:14:29.781+00:00,8835703860,2418846,MAP_WINNER,17618457267561785478214440533396725706183485502961914724264468635855695507234,YES,2026-06-02T14:58:27.487+00:00,1780412307487948368,2017.0,19699,True,0.7787608914447011,0.7787608914447011,0.66,0.56,0.09999999999999998,191.41,0.11876089144470103,,0.66,0.33999999999999997,0.32999999999999996,0.31999999999999995,4878.0,4.0,0.0,0.0,5885.0,hand_rule
walk_forward,4,all_scoreboard_lag_nw3000_score6_edge10,hand_rule_benchmark_v1,2026-06-02T13:14:29.781+00:00,8835818773,2418847,MAP_WINNER,4472085227296879302134073105072251273927768370790178851378502225560994521807,NO,2026-06-02T16:00:33.387+00:00,1780416033387964347,1613.0,19699,True,0.6957583256959021,0.6957583256959021,0.59,0.56,0.029999999999999916,122.39,0.10575832569590216,,0.59,0.41000000000000003,0.4,0.39,4787.0,1.0,0.0,0.0,2879.0,hand_rule
walk_forward,4,all_scoreboard_lag_nw3000_score6_edge10,hand_rule_benchmark_v1,2026-06-02T13:14:29.781+00:00,8836220468,2421065,MAP_WINNER,86817252619307129186621538397898790689967898227951338413191746071399269232891,YES,2026-06-02T21:57:16.973+00:00,1780437436973022078,1797.0,19699,True,0.7933339418329941,0.7933339418329941,0.59,0.31,0.27999999999999997,29.91,0.20333394183299414,,0.59,0.41000000000000003,0.4,0.39,3079.0,6.0,1.0,0.0,5261.0,hand_rule
walk_forward,4,all_scoreboard_lag_nw3000_score6_edge10,hand_rule_benchmark_v1,2026-06-02T13:14:29.781+00:00,8836292316,2421066,MAP_WINNER,6948701558838754277711235911705966902913219486961271847399249764071032713872,NO,2026-06-02T23:24:14.027+00:00,1780442654027443213,1268.0,19699,False,0.6971831546560447,0.6971831546560447,0.51,0.33,0.18,160.14,0.18718315465604474,,0.51,-0.51,-0.52,-0.53,3369.0,2.0,1.0,-0.0,1494.0,hand_rule
walk_forward,5,logistic_fair_state,state_only_v1,2026-06-03T01:22:10.007+00:00,8836393663,2423461,MAP_WINNER,39361468101796719441029138270728127464751303715684031297002771169199082456949,YES,2026-06-03T02:40:39.953+00:00,1780454437720861707,615.0,19699,False,0.3521675753299403,0.4489795918367347,0.13,0.06,0.07,471.0,0.3189795918367347,0.2,0.13,-0.13,-0.14,-0.15,-3670.0,-0.0,,,-1417.0,model_edge
walk_forward,5,logistic_fair_state,state_only_v1,2026-06-03T01:22:10.007+00:00,8836442480,2419439,MAP_WINNER,48326227480956869384350407041192668258630698655650978631916296536241480043675,YES,2026-06-03T04:30:36.713+00:00,1780461036713572512,939.0,19699,True,0.7007697930825891,0.7653061224489796,0.55,0.54,0.010000000000000009,278.41,0.2153061224489795,0.2,0.55,0.44999999999999996,0.43999999999999995,0.42999999999999994,4626.0,3.0,1.0,0.0,2713.0,model_edge
walk_forward,5,logistic_fair_state,state_only_v1,2026-06-03T01:22:10.007+00:00,8836445371,2419459,MAP_WINNER,100402533101536036238796012748592895546988346994227012298536111043890442009729,NO,2026-06-03T04:55:53.607+00:00,1780462550682270533,2237.0,19699,True,0.9967135790384875,1.0,0.7,0.01,0.69,9265.24,0.30000000000000004,0.2,0.7,0.30000000000000004,0.29000000000000004,0.28,31890.0,3.0,,,11394.0,model_edge
walk_forward,5,logistic_fair_state,state_only_v1,2026-06-03T01:22:10.007+00:00,8836485094,2419460,MAP_WINNER,12957669311835732989949978372522692441466513576879032268450687124520384058523,NO,2026-06-03T05:33:10.141+00:00,1780464790141391588,626.0,19699,False,0.36759886443035894,0.45204819277108427,0.18,0.16,0.01999999999999999,39.99,0.2720481927710843,0.2,0.18,-0.18,-0.19,-0.19999999999999998,-2697.0,-5.0,-1.0,-0.0,-254.0,model_edge
walk_forward,5,logistic_fair_state,state_only_v1,2026-06-03T01:22:10.007+00:00,8836485118,2419440,MAP_WINNER,62304125318477199914549131398343688021420829041097982551754847824884242825792,YES,2026-06-03T05:56:26.553+00:00,1780466186553671623,1726.0,19699,True,0.7640875052950017,0.8236363636363636,0.53,0.52,0.010000000000000009,25.84,0.2936363636363636,0.2,0.53,0.47,0.45999999999999996,0.44999999999999996,6957.0,0.0,0.0,0.0,8458.0,model_edge
walk_forward,5,logistic_fair_state,state_only_v1,2026-06-03T01:22:10.007+00:00,8836583316,2424223,MAP_WINNER,75942025699076501001430353688800825353753601977317622253346960681041379846129,YES,2026-06-03T08:52:01.539+00:00,1780476716463042271,2271.0,19699,False,0.7157268381929812,0.7653061224489796,0.55,0.51,0.040000000000000036,38.95,0.2153061224489795,0.2,0.55,-0.55,-0.56,-0.5700000000000001,6277.0,13.0,,,-2972.0,model_edge
walk_forward,5,logistic_fair_state,state_only_v1,2026-06-03T01:22:10.007+00:00,8836641131,2424225,MAP_WINNER,89367121445710275400527128615344628772299906862844710379879862212218009238301,YES,2026-06-03T09:41:19.200+00:00,1780479676193183640,975.0,19699,False,0.36288400648873875,0.4489795918367347,0.22,0.21,0.010000000000000009,297.5,0.2289795918367347,0.2,0.22,-0.22,-0.23,-0.24,-3383.0,-1.0,,,-698.0,model_edge
walk_forward,5,logistic_fair_state,state_only_v1,2026-06-03T01:22:10.007+00:00,8836692392,2420884,MAP_WINNER,22797433666108746834907200879055638156876884805544763838220182369233961483157,NO,2026-06-03T10:50:59.422+00:00,1780483856046329383,1109.0,19699,False,0.35466807868215044,0.4489795918367347,0.2,0.19,0.010000000000000009,432.46,0.24897959183673468,0.2,0.2,-0.2,-0.21000000000000002,-0.22,-3314.0,2.0,,,-1923.0,model_edge
walk_forward,5,logistic_fair_state,state_only_v1,2026-06-03T01:22:10.007+00:00,8836692392,2420882,MATCH_WINNER_GAME3_PROXY,96305714402681626329275002831100162623035732904802033625396635740637386079672,YES,2026-06-03T11:07:38.063+00:00,1780484853913066828,2024.0,19699,True,0.9783694830473324,0.9300699300699301,0.65,0.57,0.08000000000000007,161.0,0.2800699300699301,0.2,0.65,0.35,0.33999999999999997,0.32999999999999996,18569.0,0.0,,,3055.0,model_edge
walk_forward,5,logistic_residual_trade,market_aware_residual_v1,2026-06-03T01:22:10.007+00:00,8836358188,2423460,MAP_WINNER,79869468698441566849357944662701640667014270050389970608484680496124970040885,NO,2026-06-03T01:41:48.166+00:00,1780450908166688843,644.0,19699,True,0.631578947368421,0.631578947368421,0.78,0.76,0.020000000000000018,894.61,0.322743498403412,0.55,0.78,0.21999999999999997,0.20999999999999996,0.19999999999999996,4803.0,2.0,1.0,0.0,2188.0,residual_trade_prob
walk_forward,5,logistic_residual_trade,market_aware_residual_v1,2026-06-03T01:22:10.007+00:00,8836393663,2423461,MAP_WINNER,13581690944006151765006047897602087694334013140592976523422742541305926877472,NO,2026-06-03T02:43:55.936+00:00,1780454633513123735,765.0,19699,True,0.7653061224489796,0.7653061224489796,0.95,0.93,0.019999999999999907,25.79,0.4147760400287198,0.55,0.95,0.050000000000000044,0.040000000000000036,0.030000000000000027,5810.0,0.0,,,2140.0,residual_trade_prob
walk_forward,5,logistic_residual_trade,market_aware_residual_v1,2026-06-03T01:22:10.007+00:00,8836397703,2423481,MAP_WINNER,31379979214169599146018209147618095721450691562228564184622531361906716626369,NO,2026-06-03T03:00:59.083+00:00,1780455657922428912,1387.0,19699,True,0.8236363636363636,0.8236363636363636,0.95,0.5,0.44999999999999996,30.0,0.3322062690727755,0.55,0.95,0.050000000000000044,0.040000000000000036,0.030000000000000027,11579.0,2.0,,,3311.0,residual_trade_prob
walk_forward,5,logistic_residual_trade,market_aware_residual_v1,2026-06-03T01:22:10.007+00:00,8836442480,2419439,MAP_WINNER,48326227480956869384350407041192668258630698655650978631916296536241480043675,YES,2026-06-03T04:27:38.906+00:00,1780460856779673375,737.0,19699,True,0.45204819277108427,0.45204819277108427,0.58,0.57,0.010000000000000009,157.95,0.01991954421287767,0.55,0.58,0.42000000000000004,0.41000000000000003,0.4,1913.0,0.0,,,1342.0,residual_trade_prob
walk_forward,5,logistic_residual_trade,market_aware_residual_v1,2026-06-03T01:22:10.007+00:00,8836445371,2419459,MAP_WINNER,100402533101536036238796012748592895546988346994227012298536111043890442009729,NO,2026-06-03T04:26:13.887+00:00,1780460773887787170,628.0,19699,True,0.45204819277108427,0.45204819277108427,0.71,0.66,0.04999999999999993,48.0,0.17843731187507494,0.55,0.71,0.29000000000000004,0.28,0.27,1007.0,-1.0,-0.0,-0.0,57.0,residual_trade_prob
walk_forward,5,logistic_residual_trade,market_aware_residual_v1,2026-06-03T01:22:10.007+00:00,8836485094,2419460,MAP_WINNER,80048452747608617598392465859863687475901791770905487125251785314564899687158,YES,2026-06-03T05:33:10.141+00:00,1780464790141391588,626.0,19699,True,0.45204819277108427,0.45204819277108427,0.84,0.82,0.020000000000000018,193.94,0.3225368166856878,0.55,0.84,0.16000000000000003,0.15000000000000002,0.14,2697.0,5.0,1.0,0.0,254.0,residual_trade_prob
walk_forward,5,logistic_residual_trade,market_aware_residual_v1,2026-06-03T01:22:10.007+00:00,8836485118,2419440,MAP_WINNER,482719497414680894938517308241737778478663897845093504779200241758429770615,NO,2026-06-03T05:42:13.565+00:00,1780465333565446997,874.0,19699,False,0.45204819277108427,0.45204819277108427,0.57,0.55,0.019999999999999907,150.0,0.0029311169837112905,0.55,0.57,-0.57,-0.58,-0.59,2315.0,2.0,1.0,-0.0,1574.0,residual_trade_prob
walk_forward,5,logistic_residual_trade,market_aware_residual_v1,2026-06-03T01:22:10.007+00:00,8836583316,2424223,MAP_WINNER,66478708310444729452177682099912060763140789194931739805475780707567897392864,NO,2026-06-03T08:23:31.224+00:00,1780475011224006532,601.0,19699,True,0.45204819277108427,0.45204819277108427,0.66,0.63,0.030000000000000027,131.66,0.12775645332002483,0.55,0.66,0.33999999999999997,0.32999999999999996,0.31999999999999995,-378.0,-2.0,0.0,0.0,705.0,residual_trade_prob
walk_forward,5,logistic_residual_trade,market_aware_residual_v1,2026-06-03T01:22:10.007+00:00,8836624153,2420883,MAP_WINNER,34221622036852211184388457187561492811060577679947672039904293510905437872772,NO,2026-06-03T09:30:37.987+00:00,1780479037987833978,883.0,19699,True,0.45204819277108427,0.45204819277108427,0.57,0.55,0.019999999999999907,54.0,0.003865462945364939,0.55,0.57,0.43000000000000005,0.42000000000000004,0.41000000000000003,2008.0,6.0,1.0,-0.0,748.0,residual_trade_prob
walk_forward,5,logistic_residual_trade,market_aware_residual_v1,2026-06-03T01:22:10.007+00:00,8836641131,2424225,MAP_WINNER,92564442336127780376832513361701624110305347430183587382743133352594902678449,NO,2026-06-03T09:35:49.969+00:00,1780479349969194297,648.0,19699,True,0.45204819277108427,0.45204819277108427,0.78,0.55,0.22999999999999998,545.5,0.14930107816871463,0.55,0.78,0.21999999999999997,0.20999999999999996,0.19999999999999996,174.0,-5.0,-0.0,-0.0,387.0,residual_trade_prob
walk_forward,5,logistic_residual_trade,market_aware_residual_v1,2026-06-03T01:22:10.007+00:00,8836692392,2420884,MAP_WINNER,22797433666108746834907200879055638156876884805544763838220182369233961483157,NO,2026-06-03T10:42:24.530+00:00,1780483344530835420,638.0,19699,False,0.45204819277108427,0.45204819277108427,0.61,0.59,0.020000000000000018,50.0,0.06745031272945745,0.55,0.61,-0.61,-0.62,-0.63,1929.0,3.0,-0.0,-0.0,389.0,residual_trade_prob
walk_forward,5,logistic_residual_trade,market_aware_residual_v1,2026-06-03T01:22:10.007+00:00,8836692392,2420882,MATCH_WINNER_GAME3_PROXY,96305714402681626329275002831100162623035732904802033625396635740637386079672,YES,2026-06-03T11:07:38.063+00:00,1780484853913066828,2024.0,19699,True,0.9300699300699301,0.9300699300699301,0.65,0.57,0.08000000000000007,161.0,0.3209998054615165,0.55,0.65,0.35,0.33999999999999997,0.32999999999999996,18569.0,0.0,,,3055.0,residual_trade_prob
walk_forward,5,hgb_fair_state,state_only_v1,2026-06-03T01:22:10.007+00:00,8836393663,2423461,MAP_WINNER,39361468101796719441029138270728127464751303715684031297002771169199082456949,YES,2026-06-03T02:44:29.871+00:00,1780454667561830990,836.0,19699,False,0.12897829930432944,0.1975,0.08,0.05,0.03,180.0,0.11750000000000001,0.1,0.08,-0.08,-0.09,-0.1,-7552.0,-0.0,,,-1742.0,model_edge
walk_forward,5,hgb_fair_state,state_only_v1,2026-06-03T01:22:10.007+00:00,8836442480,2419439,MAP_WINNER,48326227480956869384350407041192668258630698655650978631916296536241480043675,YES,2026-06-03T04:30:36.713+00:00,1780461036713572512,939.0,19699,True,0.9173461344701871,0.8461538461538461,0.55,0.54,0.010000000000000009,278.41,0.2961538461538461,0.1,0.55,0.44999999999999996,0.43999999999999995,0.42999999999999994,4626.0,3.0,1.0,0.0,2713.0,model_edge
walk_forward,5,hgb_fair_state,state_only_v1,2026-06-03T01:22:10.007+00:00,8836445371,2419459,MAP_WINNER,94195388774382375772261710120134603090636837301379645282923785900305152658045,YES,2026-06-03T04:26:03.165+00:00,1780460763165123016,617.0,19699,False,0.43051878401187643,0.46642599277978347,0.3,0.25,0.04999999999999999,164.1,0.16642599277978348,0.1,0.3,-0.3,-0.31,-0.32,-296.0,1.0,0.0,0.0,654.0,model_edge
walk_forward,5,hgb_fair_state,state_only_v1,2026-06-03T01:22:10.007+00:00,8836485094,2419460,MAP_WINNER,12957669311835732989949978372522692441466513576879032268450687124520384058523,NO,2026-06-03T05:36:28.944+00:00,1780464986967865144,731.0,19699,False,0.17500156160038766,0.21333333333333335,0.11,0.08,0.03,60.0,0.10333333333333335,0.1,0.11,-0.11,-0.12,-0.13,-3186.0,-0.0,,,-489.0,model_edge
walk_forward,5,hgb_fair_state,state_only_v1,2026-06-03T01:22:10.007+00:00,8836485118,2419440,MAP_WINNER,482719497414680894938517308241737778478663897845093504779200241758429770615,NO,2026-06-03T05:42:13.565+00:00,1780465333565446997,874.0,19699,False,0.8492072308031818,0.7346938775510204,0.57,0.55,0.019999999999999907,150.0,0.1646938775510205,0.1,0.57,-0.57,-0.58,-0.59,2315.0,2.0,1.0,-0.0,1574.0,model_edge
walk_forward,5,hgb_fair_state,state_only_v1,2026-06-03T01:22:10.007+00:00,8836583316,2424223,MAP_WINNER,75942025699076501001430353688800825353753601977317622253346960681041379846129,YES,2026-06-03T08:24:33.843+00:00,1780475073843228367,662.0,19699,False,0.7959237625673069,0.6404494382022472,0.43,0.4,0.02999999999999997,50.0,0.2104494382022472,0.1,0.43,-0.43,-0.44,-0.45,1972.0,4.0,-0.0,-0.0,1423.0,model_edge
walk_forward,5,hgb_fair_state,state_only_v1,2026-06-03T01:22:10.007+00:00,8836624153,2420883,MAP_WINNER,34221622036852211184388457187561492811060577679947672039904293510905437872772,NO,2026-06-03T09:29:05.067+00:00,1780478945067314097,788.0,19699,True,0.8037314597923221,0.6404494382022472,0.49,0.47,0.020000000000000018,414.26,0.1504494382022472,0.1,0.49,0.51,0.5,0.49,1936.0,5.0,1.0,-0.0,676.0,model_edge
walk_forward,5,hgb_fair_state,state_only_v1,2026-06-03T01:22:10.007+00:00,8836641131,2424225,MAP_WINNER,89367121445710275400527128615344628772299906862844710379879862212218009238301,YES,2026-06-03T09:37:48.463+00:00,1780479468463288703,769.0,19699,False,0.3369206677126147,0.46642599277978347,0.31,0.21,0.1,264.0,0.15642599277978347,0.1,0.31,-0.31,-0.32,-0.33,-2860.0,1.0,0.0,0.0,-2686.0,model_edge
walk_forward,5,hgb_fair_state,state_only_v1,2026-06-03T01:22:10.007+00:00,8836692392,2420884,MAP_WINNER,22797433666108746834907200879055638156876884805544763838220182369233961483157,NO,2026-06-03T10:48:15.609+00:00,1780483692153737496,947.0,19699,False,0.3067266691677433,0.4117647058823529,0.31,0.3,0.010000000000000009,40.0,0.10176470588235292,0.1,0.31,-0.31,-0.32,-0.33,-914.0,1.0,,,-2058.0,model_edge
walk_forward,5,hgb_fair_state,state_only_v1,2026-06-03T01:22:10.007+00:00,8836692392,2420882,MATCH_WINNER_GAME3_PROXY,96305714402681626329275002831100162623035732904802033625396635740637386079672,YES,2026-06-03T11:07:38.063+00:00,1780484853913066828,2024.0,19699,True,0.9243043932866408,0.8571428571428571,0.65,0.57,0.08000000000000007,161.0,0.20714285714285707,0.1,0.65,0.35,0.33999999999999997,0.32999999999999996,18569.0,0.0,,,3055.0,model_edge
walk_forward,5,rf_fair_state,state_only_v1,2026-06-03T01:22:10.007+00:00,8836358188,2423460,MAP_WINNER,79869468698441566849357944662701640667014270050389970608484680496124970040885,NO,2026-06-03T01:43:47.196+00:00,1780451027196045859,764.0,19699,True,0.9462744231208513,0.9523809523809523,0.78,0.76,0.020000000000000018,180.83,0.1723809523809523,0.12,0.78,0.21999999999999997,0.20999999999999996,0.19999999999999996,6401.0,4.0,2.0,0.0,1598.0,model_edge
walk_forward,5,rf_fair_state,state_only_v1,2026-06-03T01:22:10.007+00:00,8836393663,2423461,MAP_WINNER,39361468101796719441029138270728127464751303715684031297002771169199082456949,YES,2026-06-03T02:47:17.081+00:00,1780454835637398057,1016.0,19699,False,0.10754246438453091,0.22538860103626943,0.08,0.06,0.020000000000000004,180.0,0.14538860103626944,0.12,0.08,-0.08,-0.09,-0.1,-11637.0,1.0,,,-4245.0,model_edge
walk_forward,5,rf_fair_state,state_only_v1,2026-06-03T01:22:10.007+00:00,8836442480,2419439,MAP_WINNER,48326227480956869384350407041192668258630698655650978631916296536241480043675,YES,2026-06-03T04:30:36.713+00:00,1780461036713572512,939.0,19699,True,0.9272528875398798,0.9509803921568627,0.55,0.54,0.010000000000000009,278.41,0.40098039215686265,0.12,0.55,0.44999999999999996,0.43999999999999995,0.42999999999999994,4626.0,3.0,1.0,0.0,2713.0,model_edge
walk_forward,5,rf_fair_state,state_only_v1,2026-06-03T01:22:10.007+00:00,8836445371,2419459,MAP_WINNER,94195388774382375772261710120134603090636837301379645282923785900305152658045,YES,2026-06-03T04:26:03.165+00:00,1780460763165123016,617.0,19699,False,0.48228349205556637,0.46823837590045847,0.3,0.25,0.04999999999999999,164.1,0.16823837590045848,0.12,0.3,-0.3,-0.31,-0.32,-296.0,1.0,0.0,0.0,654.0,model_edge
walk_forward,5,rf_fair_state,state_only_v1,2026-06-03T01:22:10.007+00:00,8836485094,2419460,MAP_WINNER,12957669311835732989949978372522692441466513576879032268450687124520384058523,NO,2026-06-03T05:38:37.276+00:00,1780465117276916479,954.0,19699,False,0.522815721860069,0.46823837590045847,0.15,0.04,0.10999999999999999,154.16,0.31823837590045845,0.12,0.15,-0.15,-0.16,-0.16999999999999998,-2021.0,-2.0,-2.0,-0.0,1522.0,model_edge
walk_forward,5,rf_fair_state,state_only_v1,2026-06-03T01:22:10.007+00:00,8836485118,2419440,MAP_WINNER,482719497414680894938517308241737778478663897845093504779200241758429770615,NO,2026-06-03T05:49:31.220+00:00,1780465771220519130,1311.0,19699,False,0.45172251400684643,0.46823837590045847,0.34,0.32,0.020000000000000018,100.0,0.12823837590045845,0.12,0.34,-0.34,-0.35000000000000003,-0.36000000000000004,-410.0,2.0,-0.0,-0.0,86.0,model_edge
walk_forward,5,rf_fair_state,state_only_v1,2026-06-03T01:22:10.007+00:00,8836583316,2424223,MAP_WINNER,75942025699076501001430353688800825353753601977317622253346960681041379846129,YES,2026-06-03T08:26:14.749+00:00,1780475170257919469,761.0,19699,False,0.8734111250925922,0.8009708737864077,0.65,0.56,0.08999999999999997,192.8,0.15097087378640772,0.12,0.65,-0.65,-0.66,-0.67,3044.0,-0.0,,,2666.0,model_edge
walk_forward,5,rf_fair_state,state_only_v1,2026-06-03T01:22:10.007+00:00,8836624153,2420883,MAP_WINNER,34221622036852211184388457187561492811060577679947672039904293510905437872772,NO,2026-06-03T09:36:25.308+00:00,1780479379855446507,1169.0,19699,True,0.8430436768678069,0.8,0.58,0.47,0.10999999999999999,28.0,0.22000000000000008,0.12,0.58,0.42000000000000004,0.41000000000000003,0.4,3280.0,2.0,,,931.0,model_edge
walk_forward,5,rf_fair_state,state_only_v1,2026-06-03T01:22:10.007+00:00,8836641131,2424225,MAP_WINNER,89367121445710275400527128615344628772299906862844710379879862212218009238301,YES,2026-06-03T09:38:48.702+00:00,1780479528702665343,829.0,19699,False,0.38748086396496256,0.46823837590045847,0.31,0.21,0.1,332.0,0.15823837590045847,0.12,0.31,-0.31,-0.32,-0.33,-2685.0,2.0,0.0,0.0,-1290.0,model_edge
walk_forward,5,rf_fair_state,state_only_v1,2026-06-03T01:22:10.007+00:00,8836692392,2420884,MAP_WINNER,22797433666108746834907200879055638156876884805544763838220182369233961483157,NO,2026-06-03T10:48:22.108+00:00,1780483702108008050,999.0,19699,False,0.3351134064817233,0.46823837590045847,0.31,0.3,0.010000000000000009,30.0,0.15823837590045847,0.12,0.31,-0.31,-0.32,-0.33,-914.0,1.0,2.0,-0.0,-2296.0,model_edge
walk_forward,5,rf_fair_state,state_only_v1,2026-06-03T01:22:10.007+00:00,8836692392,2420882,MATCH_WINNER_GAME3_PROXY,96305714402681626329275002831100162623035732904802033625396635740637386079672,YES,2026-06-03T11:07:38.063+00:00,1780484853913066828,2024.0,19699,True,0.9101248802433208,0.8717948717948718,0.65,0.57,0.08000000000000007,161.0,0.22179487179487178,0.12,0.65,0.35,0.33999999999999997,0.32999999999999996,18569.0,0.0,,,3055.0,model_edge
walk_forward,5,all_structure_nw8000_struct1_ask75,hand_rule_benchmark_v1,2026-06-03T01:22:10.007+00:00,8836485118,2419440,MAP_WINNER,62304125318477199914549131398343688021420829041097982551754847824884242825792,YES,2026-06-03T05:57:26.296+00:00,1780466246296083390,1786.0,19699,True,0.8824978789045996,0.8824978789045996,0.67,0.58,0.09000000000000008,46.45,0.2124978789045996,,0.67,0.32999999999999996,0.31999999999999995,0.30999999999999994,9998.0,0.0,1.0,0.0,10609.0,hand_rule
walk_forward,5,all_structure_nw8000_struct1_ask75,hand_rule_benchmark_v1,2026-06-03T01:22:10.007+00:00,8836583316,2424223,MAP_WINNER,75942025699076501001430353688800825353753601977317622253346960681041379846129,YES,2026-06-03T08:47:12.590+00:00,1780476432590074136,2021.0,19699,False,0.930670835965342,0.930670835965342,0.68,0.64,0.040000000000000036,131.69,0.2506708359653419,,0.68,-0.68,-0.6900000000000001,-0.7000000000000001,10588.0,12.0,1.0,1.0,-4392.0,hand_rule
walk_forward,5,all_structure_nw8000_struct1_ask75,hand_rule_benchmark_v1,2026-06-03T01:22:10.007+00:00,8836624153,2420883,MAP_WINNER,34221622036852211184388457187561492811060577679947672039904293510905437872772,NO,2026-06-03T09:43:26.495+00:00,1780479806495446343,1566.0,19699,True,0.9415436286816508,0.9415436286816508,0.71,0.7,0.010000000000000009,352.67,0.2315436286816508,,0.71,0.29000000000000004,0.28,0.27,12808.0,11.0,1.0,-0.0,3038.0,hand_rule
walk_forward,5,all_structure_nw8000_struct1_ask75,hand_rule_benchmark_v1,2026-06-03T01:22:10.007+00:00,8836692392,2420882,MATCH_WINNER_GAME3_PROXY,96305714402681626329275002831100162623035732904802033625396635740637386079672,YES,2026-06-03T11:09:24.426+00:00,1780484964426144373,2142.0,19699,True,0.9547082110954339,0.9547082110954339,0.61,0.6,0.010000000000000009,68.0,0.3447082110954339,,0.61,0.39,0.38,0.37,18569.0,8.0,1.0,0.0,0.0,hand_rule
walk_forward,5,all_nw_mom_discount_nw8000_mom5000_ask90,hand_rule_benchmark_v1,2026-06-03T01:22:10.007+00:00,8836445371,2419459,MAP_WINNER,100402533101536036238796012748592895546988346994227012298536111043890442009729,NO,2026-06-03T04:51:37.228+00:00,1780462295281409993,2026.0,19699,True,0.9436822633322611,0.9436822633322611,0.88,0.72,0.16000000000000003,224.34,0.06368226333226112,,0.88,0.12,0.10999999999999999,0.09999999999999998,19080.0,2.0,,,6153.0,hand_rule
walk_forward,5,all_nw_mom_discount_nw8000_mom5000_ask90,hand_rule_benchmark_v1,2026-06-03T01:22:10.007+00:00,8836485094,2419460,MAP_WINNER,80048452747608617598392465859863687475901791770905487125251785314564899687158,YES,2026-06-03T06:16:50.165+00:00,1780467408467580129,3244.0,19699,True,0.7394592698573833,0.7394592698573833,0.84,0.74,0.09999999999999998,205.47,-0.10054073014261666,,0.84,0.16000000000000003,0.15000000000000002,0.14,8620.0,-6.0,,,8146.0,hand_rule
walk_forward,5,all_nw_mom_discount_nw8000_mom5000_ask90,hand_rule_benchmark_v1,2026-06-03T01:22:10.007+00:00,8836485118,2419440,MAP_WINNER,62304125318477199914549131398343688021420829041097982551754847824884242825792,YES,2026-06-03T05:57:26.296+00:00,1780466246296083390,1786.0,19699,True,0.8824978789045996,0.8824978789045996,0.67,0.58,0.09000000000000008,46.45,0.2124978789045996,,0.67,0.32999999999999996,0.31999999999999995,0.30999999999999994,9998.0,0.0,1.0,0.0,10609.0,hand_rule
walk_forward,5,all_nw_mom_discount_nw8000_mom5000_ask90,hand_rule_benchmark_v1,2026-06-03T01:22:10.007+00:00,8836624153,2420883,MAP_WINNER,34221622036852211184388457187561492811060577679947672039904293510905437872772,NO,2026-06-03T09:44:39.836+00:00,1780479879836461201,1640.0,19699,True,0.962588936958502,0.962588936958502,0.9,0.88,0.020000000000000018,500.0,0.06258893695850198,,0.9,0.09999999999999998,0.08999999999999997,0.07999999999999996,15111.0,11.0,1.0,-0.0,6239.0,hand_rule
walk_forward,5,all_nw_mom_discount_nw8000_mom5000_ask90,hand_rule_benchmark_v1,2026-06-03T01:22:10.007+00:00,8836692392,2420882,MATCH_WINNER_GAME3_PROXY,96305714402681626329275002831100162623035732904802033625396635740637386079672,YES,2026-06-03T11:10:39.117+00:00,1780485039117179997,2158.0,19699,True,0.9955992069034749,0.9955992069034749,0.61,0.6,0.010000000000000009,68.0,0.38559920690347493,,0.61,0.39,0.38,0.37,23865.0,10.0,3.0,2.0,5296.0,hand_rule
walk_forward,5,all_scoreboard_lag_nw3000_score6_edge10,hand_rule_benchmark_v1,2026-06-03T01:22:10.007+00:00,8836442480,2419439,MAP_WINNER,48326227480956869384350407041192668258630698655650978631916296536241480043675,YES,2026-06-03T04:30:36.713+00:00,1780461036713572512,939.0,19699,True,0.7572938678665542,0.7572938678665542,0.55,0.54,0.010000000000000009,278.41,0.20729386786655413,,0.55,0.44999999999999996,0.43999999999999995,0.42999999999999994,4626.0,3.0,1.0,0.0,2713.0,hand_rule
walk_forward,5,all_scoreboard_lag_nw3000_score6_edge10,hand_rule_benchmark_v1,2026-06-03T01:22:10.007+00:00,8836445371,2419459,MAP_WINNER,100402533101536036238796012748592895546988346994227012298536111043890442009729,NO,2026-06-03T04:54:18.109+00:00,1780462456012379805,2217.0,19699,True,0.9863525344458024,0.9863525344458024,0.88,0.72,0.16000000000000003,224.34,0.1063525344458024,,0.88,0.12,0.10999999999999999,0.09999999999999998,29279.0,3.0,,,8783.0,hand_rule
walk_forward,5,all_scoreboard_lag_nw3000_score6_edge10,hand_rule_benchmark_v1,2026-06-03T01:22:10.007+00:00,8836485094,2419460,MAP_WINNER,12957669311835732989949978372522692441466513576879032268450687124520384058523,NO,2026-06-03T05:48:04.270+00:00,1780465682197717043,1518.0,19699,False,0.5792072680184996,0.5792072680184996,0.33,0.27,0.06,184.62,0.24920726801849963,,0.33,-0.33,-0.34,-0.35000000000000003,4952.0,-5.0,,,2088.0,hand_rule
walk_forward,5,all_scoreboard_lag_nw3000_score6_edge10,hand_rule_benchmark_v1,2026-06-03T01:22:10.007+00:00,8836485118,2419440,MAP_WINNER,62304125318477199914549131398343688021420829041097982551754847824884242825792,YES,2026-06-03T05:56:26.553+00:00,1780466186553671623,1726.0,19699,True,0.7928712057035653,0.7928712057035653,0.53,0.52,0.010000000000000009,25.84,0.26287120570356526,,0.53,0.47,0.45999999999999996,0.44999999999999996,6957.0,0.0,0.0,0.0,8458.0,hand_rule
walk_forward,5,all_scoreboard_lag_nw3000_score6_edge10,hand_rule_benchmark_v1,2026-06-03T01:22:10.007+00:00,8836583316,2424223,MAP_WINNER,75942025699076501001430353688800825353753601977317622253346960681041379846129,YES,2026-06-03T08:26:10.257+00:00,1780475170257919469,761.0,19699,False,0.7512406356895236,0.7512406356895236,0.65,0.56,0.08999999999999997,192.8,0.10124063568952357,,0.65,-0.65,-0.66,-0.67,3044.0,5.0,1.0,-0.0,2666.0,hand_rule
walk_forward,5,all_scoreboard_lag_nw3000_score6_edge10,hand_rule_benchmark_v1,2026-06-03T01:22:10.007+00:00,8836624153,2420883,MAP_WINNER,34221622036852211184388457187561492811060577679947672039904293510905437872772,NO,2026-06-03T09:37:24.022+00:00,1780479444022024155,1207.0,19699,True,0.8007646030273589,0.8007646030273589,0.61,0.6,0.010000000000000009,30.0,0.19076460302735887,,0.61,0.39,0.38,0.37,5289.0,5.0,1.0,-0.0,2940.0,hand_rule
walk_forward,5,all_scoreboard_lag_nw3000_score6_edge10,hand_rule_benchmark_v1,2026-06-03T01:22:10.007+00:00,8836692392,2420882,MATCH_WINNER_GAME3_PROXY,96305714402681626329275002831100162623035732904802033625396635740637386079672,YES,2026-06-03T11:07:38.063+00:00,1780484853913066828,2024.0,19699,True,0.9177060848204738,0.9177060848204738,0.65,0.57,0.08000000000000007,161.0,0.26770608482047376,,0.65,0.35,0.33999999999999997,0.32999999999999996,18569.0,0.0,,,3055.0,hand_rule
lockbox,0,all_nw_mom_discount_nw8000_mom5000_ask90,hand_rule_benchmark_v1,2026-06-03T13:17:42.295+00:00,8836897842,2420912,MAP_WINNER,32235195938097935323178459208782039392835100846249197947112139554340603840633,YES,2026-06-03T14:23:38.717+00:00,1780496618717470742,2876.0,19699,True,0.9953512623836809,0.9953512623836809,0.7,0.51,0.18999999999999995,675.72,0.2953512623836809,,0.7,0.30000000000000004,0.29000000000000004,0.28,17063.0,11.0,4.0,3.0,6149.0,hand_rule_lockbox
lockbox,0,all_nw_mom_discount_nw8000_mom5000_ask90,hand_rule_benchmark_v1,2026-06-03T13:17:42.295+00:00,8836916511,2426338,MAP_WINNER,69151418366272713959836655893874158558280092258467654404718320387879159716914,YES,2026-06-03T14:17:01.635+00:00,1780496217151482104,1623.0,19699,True,0.8976057148873458,0.8976057148873458,0.83,0.82,0.010000000000000009,40.0,0.06760571488734579,,0.83,0.17000000000000004,0.16000000000000003,0.15000000000000002,12246.0,5.0,,,5023.0,hand_rule_lockbox
lockbox,0,all_nw_mom_discount_nw8000_mom5000_ask90,hand_rule_benchmark_v1,2026-06-03T13:17:42.295+00:00,8837052943,2420913,MAP_WINNER,101470685303119067843997333499307762684741418647975160684738685845305569089404,NO,2026-06-03T16:00:35.742+00:00,1780502428306380636,2157.0,19699,True,0.8472612314857201,0.8472612314857201,0.9,0.6,0.30000000000000004,860.15,-0.05273876851427994,,0.9,0.09999999999999998,0.08999999999999997,0.07999999999999996,8176.0,5.0,,,5536.0,hand_rule_lockbox
lockbox,0,all_nw_mom_discount_nw8000_mom5000_ask90,hand_rule_benchmark_v1,2026-06-03T13:17:42.295+00:00,8837052943,2420911,MATCH_WINNER_GAME3_PROXY,77062266834471741867572148726620690396754895414397466242454826641314676167370,NO,2026-06-03T16:01:51.364+00:00,1780502502124778524,2218.0,19699,True,0.934510926056649,0.934510926056649,0.45,0.16,0.29000000000000004,156.76,0.48451092605664897,,0.45,0.55,0.54,0.53,12862.0,4.0,,,13245.0,hand_rule_lockbox
lockbox,0,all_nw_mom_discount_nw8000_mom5000_ask90,hand_rule_benchmark_v1,2026-06-03T13:17:42.295+00:00,8837288943,2426303,MAP_WINNER,47160252683316828213903016406685913365776300850613902200017668743968605839996,YES,2026-06-03T19:33:30.943+00:00,1780515210943354827,3244.0,19699,False,0.8004197713292828,0.8004197713292828,0.39,0.25,0.14,120.87,0.41041977132928276,,0.39,-0.39,-0.4,-0.41000000000000003,13659.0,-1.0,-1.0,-1.0,7664.0,hand_rule_lockbox
lockbox,0,all_nw_mom_discount_nw8000_mom5000_ask90,hand_rule_benchmark_v1,2026-06-03T13:17:42.295+00:00,8837692542,2430771,MATCH_WINNER_GAME3_PROXY,5631655732638403070134305235151782617674329898630171778054059777857154425400,NO,2026-06-04T04:39:23.580+00:00,1780547963580206353,1564.0,19699,True,0.9940792864806722,0.9940792864806722,0.83,0.81,0.019999999999999907,79.99,0.16407928648067227,,0.83,0.17000000000000004,0.16000000000000003,0.15000000000000002,24272.0,19.0,2.0,0.0,5512.0,hand_rule_lockbox
lockbox,0,all_nw_mom_discount_nw8000_mom5000_ask90,hand_rule_benchmark_v1,2026-06-03T13:17:42.295+00:00,8837725916,2426502,MAP_WINNER,63251095022606080839428557614722050202426749939279688475192153102194566375239,NO,2026-06-04T05:49:12.292+00:00,1780552152292659208,2080.0,19699,True,0.8793150689838926,0.8793150689838926,0.78,0.75,0.030000000000000027,145.0,0.09931506898389253,,0.78,0.21999999999999997,0.20999999999999996,0.19999999999999996,9505.0,-2.0,1.0,1.0,6256.0,hand_rule_lockbox
lockbox,0,all_nw_mom_discount_nw8000_mom5000_ask90,hand_rule_benchmark_v1,2026-06-03T13:17:42.295+00:00,8839284303,2438989,MAP_WINNER,114146040488139733325487330340298852328977028861013952527563812106944956245845,YES,2026-06-05T12:39:59.837+00:00,1780663199837545014,1367.0,19101,True,0.9785930449473924,0.9785930449473924,0.27,0.25,0.020000000000000018,106.24,0.7085930449473924,,0.27,0.73,0.72,0.71,13708.0,11.0,3.0,1.0,5124.0,hand_rule_lockbox
